2026-09-30T19:25:24.5331465Z Current runner version: '2.337.0'
2026-09-30T19:25:24.5354015Z ##[group]Runner Image Provisioner
2026-09-30T19:25:24.5355214Z Hosted Compute Agent
2026-09-30T19:25:24.5355697Z Version: 20260828.587
2026-09-30T19:25:24.5356289Z Commit: abac92662cab4cc7352de4f9f9d2e2419aad9c29
2026-09-30T19:25:24.5356900Z Build Date: 2026-08-28T16:44:25Z
2026-09-30T19:25:24.5357490Z Worker ID: {89f3f7f5-2f80-40eb-9635-7cc3d78ae192}
2026-09-30T19:25:24.5358156Z Azure Region: westus3
2026-09-30T19:25:24.5358630Z ##[endgroup]
2026-09-30T19:25:24.5359854Z ##[group]Operating System
2026-09-30T19:25:24.5360363Z Ubuntu
2026-09-30T19:25:24.5360816Z 24.04.5
2026-09-30T19:25:24.5361312Z LTS
2026-09-30T19:25:24.5361738Z ##[endgroup]
2026-09-30T19:25:24.5362226Z ##[group]Runner Image
2026-09-30T19:25:24.5362745Z Image: ubuntu-24.04
2026-09-30T19:25:24.5363270Z Version: 20260920.314.1
2026-09-30T19:25:24.5364606Z Included Software: https://github.com/actions/runner-images/blob/ubuntu24/20260920.314/images/ubuntu/Ubuntu2404-Readme.md
2026-09-30T19:25:24.5365884Z Image Release: https://github.com/actions/runner-images/releases/tag/ubuntu24%2F20260920.314
2026-09-30T19:25:24.5366686Z ##[endgroup]
2026-09-30T19:25:24.5367653Z ##[group]GITHUB_TOKEN Permissions
2026-09-30T19:25:24.5369474Z Contents: read
2026-09-30T19:25:24.5369949Z Metadata: read
2026-09-30T19:25:24.5370495Z ##[endgroup]
2026-09-30T19:25:24.5372318Z Secret source: Actions
2026-09-30T19:25:24.5373128Z Cache mode: write
2026-09-30T19:25:24.5373739Z Prepare workflow directory
2026-09-30T19:25:24.5645107Z Prepare all required actions
2026-09-30T19:25:24.5683942Z Getting action download info
2026-09-30T19:25:24.9164270Z Download action repository 'actions/checkout@3d3c42e5aac5ba805825da76410c181273ba90b1' (SHA:3d3c42e5aac5ba805825da76410c181273ba90b1)
2026-09-30T19:25:25.9030515Z Download action repository 'actions/setup-python@5fda3b95a4ea91299a34e894583c3862153e4b97' (SHA:5fda3b95a4ea91299a34e894583c3862153e4b97)
2026-09-30T19:25:26.4130549Z Download action repository 'actions/upload-artifact@ea165f8d65b6e75b540449e92b4886f43607fa02' (SHA:ea165f8d65b6e75b540449e92b4886f43607fa02)
2026-09-30T19:25:26.7354771Z Complete job name: accessdoc-evidence
2026-09-30T19:25:26.7982142Z ##[group]Run actions/checkout@3d3c42e5aac5ba805825da76410c181273ba90b1
2026-09-30T19:25:26.7982676Z with:
2026-09-30T19:25:26.7982869Z   repository: Kartik24Hulmukh/AccessDoc
2026-09-30T19:25:26.7985169Z   token: ***
2026-09-30T19:25:26.7985351Z   ssh-strict: true
2026-09-30T19:25:26.7985534Z   ssh-user: git
2026-09-30T19:25:26.7985723Z   persist-credentials: true
2026-09-30T19:25:26.7985938Z   clean: true
2026-09-30T19:25:26.7986118Z   sparse-checkout-cone-mode: true
2026-09-30T19:25:26.7986332Z   fetch-depth: 1
2026-09-30T19:25:26.7986513Z   fetch-tags: false
2026-09-30T19:25:26.7986691Z   show-progress: true
2026-09-30T19:25:26.7986877Z   lfs: false
2026-09-30T19:25:26.7987033Z   submodules: false
2026-09-30T19:25:26.7987209Z   set-safe-directory: true
2026-09-30T19:25:26.7987417Z   allow-unsafe-pr-checkout: false
2026-09-30T19:25:26.7987812Z ##[endgroup]
2026-09-30T19:25:26.8782380Z Syncing repository: Kartik24Hulmukh/AccessDoc
2026-09-30T19:25:26.8783625Z ##[group]Getting Git version info
2026-09-30T19:25:26.8783947Z Working directory is '/home/runner/work/AccessDoc/AccessDoc'
2026-09-30T19:25:26.8784629Z [command]/usr/bin/git version
2026-09-30T19:25:26.8936830Z git version 2.55.0
2026-09-30T19:25:26.8957257Z ##[endgroup]
2026-09-30T19:25:26.8967172Z Temporarily overriding HOME='/home/runner/work/_temp/0a9c0664-b204-4c2e-8234-d3b20b54a0b1' before making global git config changes
2026-09-30T19:25:26.8968325Z Adding repository directory to the temporary git global config as a safe directory
2026-09-30T19:25:26.8973174Z [command]/usr/bin/git config --global --add safe.directory /home/runner/work/AccessDoc/AccessDoc
2026-09-30T19:25:26.9038274Z Deleting the contents of '/home/runner/work/AccessDoc/AccessDoc'
2026-09-30T19:25:26.9041861Z ##[group]Determining repository object format
2026-09-30T19:25:26.9043153Z ##[endgroup]
2026-09-30T19:25:26.9043920Z ##[group]Initializing the repository
2026-09-30T19:25:26.9048164Z [command]/usr/bin/git init /home/runner/work/AccessDoc/AccessDoc
2026-09-30T19:25:26.9385304Z hint: Using 'master' as the name for the initial branch. This default branch name
2026-09-30T19:25:26.9387122Z hint: will change to "main" in Git 3.0. To configure the initial branch name
2026-09-30T19:25:26.9388441Z hint: to use in all of your new repositories, which will suppress this warning,
2026-09-30T19:25:26.9388929Z hint: call:
2026-09-30T19:25:26.9389361Z hint:
2026-09-30T19:25:26.9389970Z hint: 	git config --global init.defaultBranch <name>
2026-09-30T19:25:26.9390501Z hint:
2026-09-30T19:25:26.9390868Z hint: Names commonly chosen instead of 'master' are 'main', 'trunk' and
2026-09-30T19:25:26.9391428Z hint: 'development'. The just-created branch can be renamed via this command:
2026-09-30T19:25:26.9391879Z hint:
2026-09-30T19:25:26.9392179Z hint: 	git branch -m <name>
2026-09-30T19:25:26.9392493Z hint:
2026-09-30T19:25:26.9392930Z hint: Disable this message with "git config set advice.defaultBranchName false"
2026-09-30T19:25:26.9393734Z Initialized empty Git repository in /home/runner/work/AccessDoc/AccessDoc/.git/
2026-09-30T19:25:26.9396774Z [command]/usr/bin/git remote add origin https://github.com/Kartik24Hulmukh/AccessDoc
2026-09-30T19:25:27.0002069Z ##[endgroup]
2026-09-30T19:25:27.0002634Z ##[group]Disabling automatic garbage collection
2026-09-30T19:25:27.0005808Z [command]/usr/bin/git config --local gc.auto 0
2026-09-30T19:25:27.0040870Z ##[endgroup]
2026-09-30T19:25:27.0041360Z ##[group]Setting up auth
2026-09-30T19:25:27.0041743Z Removing SSH command configuration
2026-09-30T19:25:27.0046952Z [command]/usr/bin/git config --local --name-only --get-regexp core\.sshCommand
2026-09-30T19:25:27.0078619Z [command]/usr/bin/git submodule foreach --recursive sh -c "git config --local --name-only --get-regexp 'core\.sshCommand' && git config --local --unset-all 'core.sshCommand' || :"
2026-09-30T19:25:27.1108358Z Removing HTTP extra header
2026-09-30T19:25:27.1176494Z [command]/usr/bin/git config --local --name-only --get-regexp http\.https\:\/\/github\.com\/\.extraheader
2026-09-30T19:25:27.1179251Z [command]/usr/bin/git submodule foreach --recursive sh -c "git config --local --name-only --get-regexp 'http\.https\:\/\/github\.com\/\.extraheader' && git config --local --unset-all 'http.https://github.com/.extraheader' || :"
2026-09-30T19:25:27.1347637Z Removing includeIf entries pointing to credentials config files
2026-09-30T19:25:27.1352326Z [command]/usr/bin/git config --local --name-only --get-regexp ^includeIf\.gitdir:
2026-09-30T19:25:27.1383198Z [command]/usr/bin/git submodule foreach --recursive git config --local --show-origin --name-only --get-regexp remote.origin.url
2026-09-30T19:25:27.1578691Z [command]/usr/bin/git config --file /home/runner/work/_temp/git-credentials-1504430e-6c91-4f96-89dc-47292a8d6a53.config http.https://github.com/.extraheader AUTHORIZATION: basic ***
2026-09-30T19:25:27.1613395Z [command]/usr/bin/git config --local includeIf.gitdir:/home/runner/work/AccessDoc/AccessDoc/.git.path /home/runner/work/_temp/git-credentials-1504430e-6c91-4f96-89dc-47292a8d6a53.config
2026-09-30T19:25:27.1644373Z [command]/usr/bin/git config --local includeIf.gitdir:/home/runner/work/AccessDoc/AccessDoc/.git/worktrees/*.path /home/runner/work/_temp/git-credentials-1504430e-6c91-4f96-89dc-47292a8d6a53.config
2026-09-30T19:25:27.2576662Z [command]/usr/bin/git config --local includeIf.gitdir:/github/workspace/.git.path /github/runner_temp/git-credentials-1504430e-6c91-4f96-89dc-47292a8d6a53.config
2026-09-30T19:25:27.2611123Z [command]/usr/bin/git config --local includeIf.gitdir:/github/workspace/.git/worktrees/*.path /github/runner_temp/git-credentials-1504430e-6c91-4f96-89dc-47292a8d6a53.config
2026-09-30T19:25:27.3404302Z ##[endgroup]
2026-09-30T19:25:27.3404727Z ##[group]Fetching the repository
2026-09-30T19:25:27.3411339Z [command]/usr/bin/git -c protocol.version=2 fetch --no-tags --prune --no-recurse-submodules --depth=1 origin +834d346f6474043d5a9fdd6da69cb45d70718007:refs/remotes/pull/95/merge
2026-09-30T19:25:29.2803675Z From https://github.com/Kartik24Hulmukh/AccessDoc
2026-09-30T19:25:29.2805105Z  * [new ref]         834d346f6474043d5a9fdd6da69cb45d70718007 -> pull/95/merge
2026-09-30T19:25:29.2807527Z ##[endgroup]
2026-09-30T19:25:29.2808257Z ##[group]Determining the checkout info
2026-09-30T19:25:29.2808984Z ##[endgroup]
2026-09-30T19:25:29.2814384Z [command]/usr/bin/git sparse-checkout disable
2026-09-30T19:25:29.3223661Z [command]/usr/bin/git config --local --unset-all extensions.worktreeConfig
2026-09-30T19:25:29.3256879Z ##[group]Checking out the ref
2026-09-30T19:25:29.3260340Z [command]/usr/bin/git checkout --progress --force refs/remotes/pull/95/merge
2026-09-30T19:25:29.3631545Z Note: switching to 'refs/remotes/pull/95/merge'.
2026-09-30T19:25:29.3631903Z 
2026-09-30T19:25:29.3632174Z You are in 'detached HEAD' state. You can look around, make experimental
2026-09-30T19:25:29.3632788Z changes and commit them, and you can discard any commits you make in this
2026-09-30T19:25:29.3633431Z state without impacting any branches by switching back to a branch.
2026-09-30T19:25:29.3633815Z 
2026-09-30T19:25:29.3634281Z If you want to create a new branch to retain commits you create, you may
2026-09-30T19:25:29.3634867Z do so (now or later) by using -c with the switch command. Example:
2026-09-30T19:25:29.3635197Z 
2026-09-30T19:25:29.3635346Z   git switch -c <new-branch-name>
2026-09-30T19:25:29.3635566Z 
2026-09-30T19:25:29.3635712Z Or undo this operation with:
2026-09-30T19:25:29.3635911Z 
2026-09-30T19:25:29.3636021Z   git switch -
2026-09-30T19:25:29.3636204Z 
2026-09-30T19:25:29.3636548Z Turn off this advice by setting config variable advice.detachedHead to false
2026-09-30T19:25:29.3636946Z 
2026-09-30T19:25:29.3637387Z HEAD is now at 834d346 Merge 5c43b01b0c1ff27d06ff3d5b5664b4e0d437ee42 into 7ab1817c9ef74bcb05abb885308f7ab5e62f32e6
2026-09-30T19:25:29.3644152Z ##[endgroup]
2026-09-30T19:25:29.3685488Z [command]/usr/bin/git log -1 --format=%H
2026-09-30T19:25:29.3710793Z 834d346f6474043d5a9fdd6da69cb45d70718007
2026-09-30T19:25:29.3981461Z ##[group]Run actions/setup-python@5fda3b95a4ea91299a34e894583c3862153e4b97
2026-09-30T19:25:29.3981813Z with:
2026-09-30T19:25:29.3981998Z   python-version: 3.12
2026-09-30T19:25:29.3982191Z   cache: pip
2026-09-30T19:25:29.3982373Z   check-latest: false
2026-09-30T19:25:29.3984680Z   token: ***
2026-09-30T19:25:29.3984880Z   update-environment: true
2026-09-30T19:25:29.3985140Z   allow-prereleases: false
2026-09-30T19:25:29.3985335Z   freethreaded: false
2026-09-30T19:25:29.3985521Z ##[endgroup]
2026-09-30T19:25:29.4907491Z ##[group]Installed versions
2026-09-30T19:25:29.8151717Z Successfully set up CPython (3.12.14)
2026-09-30T19:25:29.8152362Z ##[endgroup]
2026-09-30T19:25:30.0408633Z [command]/opt/hostedtoolcache/Python/3.12.14/x64/bin/pip cache dir
2026-09-30T19:25:31.2633028Z /home/runner/.cache/pip
2026-09-30T19:25:31.4953478Z Cache hit for restore-key: setup-python-Linux-x64-24.04-Ubuntu-python-3.12.14-pip-9b840660c8a36ec8594868a27fafd29513b9926f39526a7022e5add46098ec19
2026-09-30T19:25:32.7430605Z Received 12582912 of 61199081 (20.6%), 12.0 MBs/sec
2026-09-30T19:25:33.1251390Z Received 61199081 of 61199081 (100.0%), 42.2 MBs/sec
2026-09-30T19:25:33.1251871Z Cache Size: ~58 MB (61199081 B)
2026-09-30T19:25:33.1282091Z [command]/usr/bin/tar -xf /home/runner/work/_temp/ae775eab-be07-4663-bc15-1196beb2d76e/cache.tzst -P -C /home/runner/work/AccessDoc/AccessDoc --use-compress-program unzstd
2026-09-30T19:25:33.2412761Z Cache restored successfully
2026-09-30T19:25:33.2481416Z Cache restored from key: setup-python-Linux-x64-24.04-Ubuntu-python-3.12.14-pip-9b840660c8a36ec8594868a27fafd29513b9926f39526a7022e5add46098ec19
2026-09-30T19:25:33.2712650Z ##[group]Run python3 --version
2026-09-30T19:25:33.2713002Z [36;1mpython3 --version[0m
2026-09-30T19:25:33.2713223Z [36;1mnode --version[0m
2026-09-30T19:25:33.2713424Z [36;1mnpm --version[0m
2026-09-30T19:25:33.2947837Z shell: /usr/bin/bash -e {0}
2026-09-30T19:25:33.2948325Z env:
2026-09-30T19:25:33.2948586Z   pythonLocation: /opt/hostedtoolcache/Python/3.12.14/x64
2026-09-30T19:25:33.2948981Z   PKG_CONFIG_PATH: /opt/hostedtoolcache/Python/3.12.14/x64/lib/pkgconfig
2026-09-30T19:25:33.2949356Z   Python_ROOT_DIR: /opt/hostedtoolcache/Python/3.12.14/x64
2026-09-30T19:25:33.2949673Z   Python2_ROOT_DIR: /opt/hostedtoolcache/Python/3.12.14/x64
2026-09-30T19:25:33.2949997Z   Python3_ROOT_DIR: /opt/hostedtoolcache/Python/3.12.14/x64
2026-09-30T19:25:33.2950320Z   LD_LIBRARY_PATH: /opt/hostedtoolcache/Python/3.12.14/x64/lib
2026-09-30T19:25:33.2950619Z ##[endgroup]
2026-09-30T19:25:33.3073935Z Python 3.12.14
2026-09-30T19:25:33.5610738Z v22.23.2
2026-09-30T19:25:34.8162160Z 10.9.8
2026-09-30T19:25:34.8257018Z ##[group]Run pip install --upgrade pip
2026-09-30T19:25:34.8257322Z [36;1mpip install --upgrade pip[0m
2026-09-30T19:25:34.8257635Z [36;1mpip install reportlab PyYAML playwright jsonschema requests[0m
2026-09-30T19:25:34.8258030Z [36;1mpython -m playwright install --with-deps chromium[0m
2026-09-30T19:25:34.8315673Z shell: /usr/bin/bash -e {0}
2026-09-30T19:25:34.8315899Z env:
2026-09-30T19:25:34.8316139Z   pythonLocation: /opt/hostedtoolcache/Python/3.12.14/x64
2026-09-30T19:25:34.8316502Z   PKG_CONFIG_PATH: /opt/hostedtoolcache/Python/3.12.14/x64/lib/pkgconfig
2026-09-30T19:25:34.8316845Z   Python_ROOT_DIR: /opt/hostedtoolcache/Python/3.12.14/x64
2026-09-30T19:25:34.8317148Z   Python2_ROOT_DIR: /opt/hostedtoolcache/Python/3.12.14/x64
2026-09-30T19:25:34.8317466Z   Python3_ROOT_DIR: /opt/hostedtoolcache/Python/3.12.14/x64
2026-09-30T19:25:34.8317768Z   LD_LIBRARY_PATH: /opt/hostedtoolcache/Python/3.12.14/x64/lib
2026-09-30T19:25:34.8318033Z ##[endgroup]
2026-09-30T19:25:35.4507741Z Requirement already satisfied: pip in /opt/hostedtoolcache/Python/3.12.14/x64/lib/python3.12/site-packages (26.2.1)
2026-09-30T19:25:36.2199864Z Collecting reportlab
2026-09-30T19:25:36.2211969Z   Using cached reportlab-5.0.1-py3-none-any.whl.metadata (1.6 kB)
2026-09-30T19:25:36.2558078Z Collecting PyYAML
2026-09-30T19:25:36.2569829Z   Using cached pyyaml-6.0.3-cp312-cp312-manylinux2014_x86_64.manylinux_2_17_x86_64.manylinux_2_28_x86_64.whl.metadata (2.4 kB)
2026-09-30T19:25:36.2953849Z Collecting playwright
2026-09-30T19:25:36.3620790Z   Downloading playwright-1.63.0-py3-none-manylinux1_x86_64.whl.metadata (3.3 kB)
2026-09-30T19:25:36.4655332Z Collecting jsonschema
2026-09-30T19:25:36.4666665Z   Using cached jsonschema-4.26.0-py3-none-any.whl.metadata (7.6 kB)
2026-09-30T19:25:36.4842340Z Collecting requests
2026-09-30T19:25:36.4853520Z   Using cached requests-2.34.2-py3-none-any.whl.metadata (4.8 kB)
2026-09-30T19:25:36.6156965Z Collecting pillow>=9.0.0 (from reportlab)
2026-09-30T19:25:36.6169092Z   Using cached pillow-12.3.0-cp312-cp312-manylinux_2_27_x86_64.manylinux_2_28_x86_64.whl.metadata (9.1 kB)
2026-09-30T19:25:36.7096459Z Collecting charset-normalizer (from reportlab)
2026-09-30T19:25:36.7201170Z   Downloading charset_normalizer-3.5.2-cp312-cp312-manylinux2014_x86_64.manylinux_2_17_x86_64.manylinux_2_28_x86_64.whl.metadata (46 kB)
2026-09-30T19:25:36.7900934Z Collecting pyee<14,>=13 (from playwright)
2026-09-30T19:25:36.7910714Z   Using cached pyee-13.0.1-py3-none-any.whl.metadata (3.0 kB)
2026-09-30T19:25:36.8986077Z Collecting greenlet<4.0.0,>=3.1.1 (from playwright)
2026-09-30T19:25:36.8998236Z   Using cached greenlet-3.5.6-cp312-cp312-manylinux_2_24_x86_64.manylinux_2_28_x86_64.whl.metadata (3.8 kB)
2026-09-30T19:25:36.9116935Z Collecting typing-extensions (from pyee<14,>=13->playwright)
2026-09-30T19:25:36.9126503Z   Using cached typing_extensions-4.16.0-py3-none-any.whl.metadata (3.3 kB)
2026-09-30T19:25:36.9256792Z Collecting attrs>=22.2.0 (from jsonschema)
2026-09-30T19:25:36.9266485Z   Using cached attrs-26.1.0-py3-none-any.whl.metadata (8.8 kB)
2026-09-30T19:25:36.9352435Z Collecting jsonschema-specifications>=2023.03.6 (from jsonschema)
2026-09-30T19:25:36.9362513Z   Using cached jsonschema_specifications-2025.9.1-py3-none-any.whl.metadata (2.9 kB)
2026-09-30T19:25:36.9494503Z Collecting referencing>=0.28.4 (from jsonschema)
2026-09-30T19:25:36.9505057Z   Using cached referencing-0.37.0-py3-none-any.whl.metadata (2.8 kB)
2026-09-30T19:25:37.1779384Z Collecting rpds-py>=0.25.0 (from jsonschema)
2026-09-30T19:25:37.1791534Z   Using cached rpds_py-2026.6.3-cp312-cp312-manylinux_2_17_x86_64.manylinux2014_x86_64.whl.metadata (4.1 kB)
2026-09-30T19:25:37.1921767Z Collecting idna<4,>=2.5 (from requests)
2026-09-30T19:25:37.2024285Z   Downloading idna-3.20-py3-none-any.whl.metadata (7.2 kB)
2026-09-30T19:25:37.2232745Z Collecting urllib3<3,>=1.26 (from requests)
2026-09-30T19:25:37.2334405Z   Downloading urllib3-2.8.0-py3-none-any.whl.metadata (7.4 kB)
2026-09-30T19:25:37.2484248Z Collecting certifi>=2023.5.7 (from requests)
2026-09-30T19:25:37.2494731Z   Using cached certifi-2026.7.22-py3-none-any.whl.metadata (2.5 kB)
2026-09-30T19:25:37.2572317Z Using cached reportlab-5.0.1-py3-none-any.whl (2.0 MB)
2026-09-30T19:25:37.2590711Z Using cached pyyaml-6.0.3-cp312-cp312-manylinux2014_x86_64.manylinux_2_17_x86_64.manylinux_2_28_x86_64.whl (807 kB)
2026-09-30T19:25:37.2695524Z Downloading playwright-1.63.0-py3-none-manylinux1_x86_64.whl (48.2 MB)
2026-09-30T19:25:37.6850740Z    ━━━━━━━━━━━━━━━━━━━━━━━━━━━━━━━━━━━━━━━━ 48.2/48.2 MB 121.7 MB/s  0:00:00
2026-09-30T19:25:37.6862052Z Using cached greenlet-3.5.6-cp312-cp312-manylinux_2_24_x86_64.manylinux_2_28_x86_64.whl (621 kB)
2026-09-30T19:25:37.6872395Z Using cached pyee-13.0.1-py3-none-any.whl (15 kB)
2026-09-30T19:25:37.6881324Z Using cached jsonschema-4.26.0-py3-none-any.whl (90 kB)
2026-09-30T19:25:37.6889788Z Using cached requests-2.34.2-py3-none-any.whl (73 kB)
2026-09-30T19:25:37.6993502Z Downloading charset_normalizer-3.5.2-cp312-cp312-manylinux2014_x86_64.manylinux_2_17_x86_64.manylinux_2_28_x86_64.whl (257 kB)
2026-09-30T19:25:37.7117242Z Downloading idna-3.20-py3-none-any.whl (69 kB)
2026-09-30T19:25:37.7235566Z Downloading urllib3-2.8.0-py3-none-any.whl (135 kB)
2026-09-30T19:25:37.7263523Z Using cached attrs-26.1.0-py3-none-any.whl (67 kB)
2026-09-30T19:25:37.7272234Z Using cached certifi-2026.7.22-py3-none-any.whl (136 kB)
2026-09-30T19:25:37.7281130Z Using cached jsonschema_specifications-2025.9.1-py3-none-any.whl (18 kB)
2026-09-30T19:25:37.7289865Z Using cached pillow-12.3.0-cp312-cp312-manylinux_2_27_x86_64.manylinux_2_28_x86_64.whl (6.9 MB)
2026-09-30T19:25:37.7319023Z Using cached referencing-0.37.0-py3-none-any.whl (26 kB)
2026-09-30T19:25:37.7328237Z Using cached rpds_py-2026.6.3-cp312-cp312-manylinux_2_17_x86_64.manylinux2014_x86_64.whl (366 kB)
2026-09-30T19:25:37.7337958Z Using cached typing_extensions-4.16.0-py3-none-any.whl (45 kB)
2026-09-30T19:25:37.8311052Z Installing collected packages: urllib3, typing-extensions, rpds-py, PyYAML, pillow, idna, greenlet, charset-normalizer, certifi, attrs, requests, reportlab, referencing, pyee, playwright, jsonschema-specifications, jsonschema
2026-09-30T19:25:40.2279402Z 
2026-09-30T19:25:40.2295988Z Successfully installed PyYAML-6.0.3 attrs-26.1.0 certifi-2026.7.22 charset-normalizer-3.5.2 greenlet-3.5.6 idna-3.20 jsonschema-4.26.0 jsonschema-specifications-2025.9.1 pillow-12.3.0 playwright-1.63.0 pyee-13.0.1 referencing-0.37.0 reportlab-5.0.1 requests-2.34.2 rpds-py-2026.6.3 typing-extensions-4.16.0 urllib3-2.8.0
2026-09-30T19:25:40.5939535Z Installing dependencies...
2026-09-30T19:25:40.5989580Z Switching to root user to install dependencies...
2026-09-30T19:25:40.8143729Z Get:1 file:/etc/apt/apt-mirrors.txt Mirrorlist [144 B]
2026-09-30T19:25:40.8395610Z Hit:2 http://azure.archive.ubuntu.com/ubuntu noble InRelease
2026-09-30T19:25:40.8396259Z Get:3 http://azure.archive.ubuntu.com/ubuntu noble-updates InRelease [126 kB]
2026-09-30T19:25:40.8420158Z Get:4 http://azure.archive.ubuntu.com/ubuntu noble-backports InRelease [126 kB]
2026-09-30T19:25:40.8426896Z Get:6 https://packages.microsoft.com/ubuntu/24.04/prod noble InRelease [3600 B]
2026-09-30T19:25:40.8447778Z Get:5 http://azure.archive.ubuntu.com/ubuntu noble-security InRelease [126 kB]
2026-09-30T19:25:41.2178579Z Get:7 http://azure.archive.ubuntu.com/ubuntu noble-updates/main amd64 Packages [1338 kB]
2026-09-30T19:25:41.2876020Z Get:8 http://azure.archive.ubuntu.com/ubuntu noble-updates/main Translation-en [301 kB]
2026-09-30T19:25:41.2890128Z Get:9 http://azure.archive.ubuntu.com/ubuntu noble-updates/main amd64 Components [181 kB]
2026-09-30T19:25:41.2924846Z Get:10 http://azure.archive.ubuntu.com/ubuntu noble-updates/universe amd64 Packages [1699 kB]
2026-09-30T19:25:41.2929298Z Get:16 https://packages.microsoft.com/ubuntu/24.04/prod noble/main arm64 Packages [455 kB]
2026-09-30T19:25:41.2981914Z Get:11 http://azure.archive.ubuntu.com/ubuntu noble-updates/universe Translation-en [341 kB]
2026-09-30T19:25:41.3020100Z Get:12 http://azure.archive.ubuntu.com/ubuntu noble-updates/universe amd64 Components [388 kB]
2026-09-30T19:25:41.3043010Z Get:13 http://azure.archive.ubuntu.com/ubuntu noble-updates/restricted amd64 Packages [1689 kB]
2026-09-30T19:25:41.3096856Z Get:17 https://packages.microsoft.com/ubuntu/24.04/prod noble/main amd64 Packages [508 kB]
2026-09-30T19:25:41.3118979Z Get:14 http://azure.archive.ubuntu.com/ubuntu noble-updates/restricted Translation-en [386 kB]
2026-09-30T19:25:41.3147940Z Get:15 http://azure.archive.ubuntu.com/ubuntu noble-updates/multiverse amd64 Components [940 B]
2026-09-30T19:25:41.3375017Z Get:18 http://azure.archive.ubuntu.com/ubuntu noble-backports/main amd64 Packages [40.6 kB]
2026-09-30T19:25:41.3818291Z Get:19 http://azure.archive.ubuntu.com/ubuntu noble-backports/main amd64 Components [5760 B]
2026-09-30T19:25:41.3826020Z Get:20 http://azure.archive.ubuntu.com/ubuntu noble-backports/universe amd64 Packages [31.0 kB]
2026-09-30T19:25:41.3835949Z Get:21 http://azure.archive.ubuntu.com/ubuntu noble-backports/universe Translation-en [18.6 kB]
2026-09-30T19:25:41.3845521Z Get:22 http://azure.archive.ubuntu.com/ubuntu noble-backports/universe amd64 Components [12.6 kB]
2026-09-30T19:25:41.3854712Z Get:23 http://azure.archive.ubuntu.com/ubuntu noble-security/main amd64 Packages [1066 kB]
2026-09-30T19:25:41.3900995Z Get:24 http://azure.archive.ubuntu.com/ubuntu noble-security/main Translation-en [220 kB]
2026-09-30T19:25:41.3917465Z Get:25 http://azure.archive.ubuntu.com/ubuntu noble-security/main amd64 Components [46.4 kB]
2026-09-30T19:25:41.3928617Z Get:26 http://azure.archive.ubuntu.com/ubuntu noble-security/universe amd64 Packages [1216 kB]
2026-09-30T19:25:41.3979418Z Get:27 http://azure.archive.ubuntu.com/ubuntu noble-security/universe Translation-en [244 kB]
2026-09-30T19:25:41.3996408Z Get:28 http://azure.archive.ubuntu.com/ubuntu noble-security/universe amd64 Components [76.3 kB]
2026-09-30T19:25:41.4007906Z Get:29 http://azure.archive.ubuntu.com/ubuntu noble-security/restricted amd64 Packages [1566 kB]
2026-09-30T19:25:41.4071504Z Get:30 http://azure.archive.ubuntu.com/ubuntu noble-security/restricted Translation-en [361 kB]
2026-09-30T19:25:50.6387534Z Fetched 12.6 MB in 2s (8266 kB/s)
2026-09-30T19:25:51.3378531Z Reading package lists...
2026-09-30T19:25:51.3588531Z Reading package lists...
2026-09-30T19:25:51.5785465Z Building dependency tree...
2026-09-30T19:25:51.5792095Z Reading state information...
2026-09-30T19:25:51.7815458Z libasound2t64 is already the newest version (1.2.11-1ubuntu0.3).
2026-09-30T19:25:51.7816037Z libasound2t64 set to manually installed.
2026-09-30T19:25:51.7816504Z libatk-bridge2.0-0t64 is already the newest version (2.52.0-1build1).
2026-09-30T19:25:51.7816994Z libatk-bridge2.0-0t64 set to manually installed.
2026-09-30T19:25:51.7817458Z libatk1.0-0t64 is already the newest version (2.52.0-1build1).
2026-09-30T19:25:51.7817912Z libatk1.0-0t64 set to manually installed.
2026-09-30T19:25:51.7818374Z libatspi2.0-0t64 is already the newest version (2.52.0-1build1).
2026-09-30T19:25:51.7818898Z libatspi2.0-0t64 set to manually installed.
2026-09-30T19:25:51.7819315Z libcairo2 is already the newest version (1.18.0-3build1).
2026-09-30T19:25:51.7819716Z libcairo2 set to manually installed.
2026-09-30T19:25:51.7820115Z libcups2t64 is already the newest version (2.4.7-1.2ubuntu7.14).
2026-09-30T19:25:51.7821027Z libcups2t64 set to manually installed.
2026-09-30T19:25:51.7821417Z libdbus-1-3 is already the newest version (1.14.10-4ubuntu4.1).
2026-09-30T19:25:51.7821833Z libdbus-1-3 set to manually installed.
2026-09-30T19:25:51.7822242Z libdrm2 is already the newest version (2.4.125-1ubuntu0.1~24.04.2).
2026-09-30T19:25:51.7822688Z libdrm2 set to manually installed.
2026-09-30T19:25:51.7823053Z libnspr4 is already the newest version (2:4.35-1.1build1).
2026-09-30T19:25:51.7823436Z libnspr4 set to manually installed.
2026-09-30T19:25:51.7823791Z libnss3 is already the newest version (2:3.98-1ubuntu0.2).
2026-09-30T19:25:51.7824347Z libnss3 set to manually installed.
2026-09-30T19:25:51.7824922Z libpango-1.0-0 is already the newest version (1.52.1+ds-1build1).
2026-09-30T19:25:51.7825350Z libpango-1.0-0 set to manually installed.
2026-09-30T19:25:51.7825726Z libx11-6 is already the newest version (2:1.8.7-1build1).
2026-09-30T19:25:51.7826126Z libx11-6 set to manually installed.
2026-09-30T19:25:51.7826467Z libxcb1 is already the newest version (1.15-1ubuntu2).
2026-09-30T19:25:51.7826831Z libxcb1 set to manually installed.
2026-09-30T19:25:51.7827213Z libxcomposite1 is already the newest version (1:0.4.5-1build3).
2026-09-30T19:25:51.7827653Z libxcomposite1 set to manually installed.
2026-09-30T19:25:51.7828051Z libxdamage1 is already the newest version (1:1.1.6-1build1).
2026-09-30T19:25:51.7828455Z libxdamage1 set to manually installed.
2026-09-30T19:25:51.7828828Z libxext6 is already the newest version (2:1.3.4-1build2).
2026-09-30T19:25:51.7829246Z libxext6 set to manually installed.
2026-09-30T19:25:51.7829658Z libxfixes3 is already the newest version (1:6.0.0-2build1).
2026-09-30T19:25:51.7830106Z libxfixes3 set to manually installed.
2026-09-30T19:25:51.7830540Z libxkbcommon0 is already the newest version (1.6.0-1build1).
2026-09-30T19:25:51.7830959Z libxkbcommon0 set to manually installed.
2026-09-30T19:25:51.7831395Z libxrandr2 is already the newest version (2:1.5.2-2build1).
2026-09-30T19:25:51.7831829Z libxrandr2 set to manually installed.
2026-09-30T19:25:51.7832307Z fonts-noto-color-emoji is already the newest version (2.047-0ubuntu0.24.04.1).
2026-09-30T19:25:51.7832900Z libfontconfig1 is already the newest version (2.15.0-1.1ubuntu2).
2026-09-30T19:25:51.7833333Z libfontconfig1 set to manually installed.
2026-09-30T19:25:51.7833764Z libfreetype6 is already the newest version (2.13.2+dfsg-1ubuntu0.1).
2026-09-30T19:25:51.7834328Z libfreetype6 set to manually installed.
2026-09-30T19:25:51.7834725Z fonts-liberation is already the newest version (1:2.1.5-3).
2026-09-30T19:25:51.7835124Z fonts-liberation set to manually installed.
2026-09-30T19:25:51.7835521Z The following additional packages will be installed:
2026-09-30T19:25:51.7855802Z   gir1.2-glib-2.0 libgl1-mesa-dri libglib2.0-bin libglib2.0-data libglx-mesa0
2026-09-30T19:25:51.7856323Z   libwayland-server0 mesa-libgallium xfonts-encodings xfonts-utils
2026-09-30T19:25:51.7856651Z   xserver-common
2026-09-30T19:25:51.7856851Z Suggested packages:
2026-09-30T19:25:51.7857048Z   low-memory-monitor
2026-09-30T19:25:51.7857244Z Recommended packages:
2026-09-30T19:25:51.7857481Z   fonts-ipafont-mincho fonts-tlwg-loma xfonts-base
2026-09-30T19:25:51.9475634Z The following NEW packages will be installed:
2026-09-30T19:25:51.9476333Z   fonts-freefont-ttf fonts-ipafont-gothic fonts-tlwg-loma-otf fonts-unifont
2026-09-30T19:25:51.9487411Z   fonts-wqy-zenhei libwayland-server0 xfonts-cyrillic xfonts-encodings
2026-09-30T19:25:51.9487924Z   xfonts-scalable xfonts-utils
2026-09-30T19:25:51.9493172Z The following packages will be upgraded:
2026-09-30T19:25:51.9495057Z   gir1.2-glib-2.0 libgbm1 libgl1-mesa-dri libglib2.0-0t64 libglib2.0-bin
2026-09-30T19:25:51.9500930Z   libglib2.0-data libglx-mesa0 mesa-libgallium xserver-common xvfb
2026-09-30T19:25:51.9667616Z 10 upgraded, 10 newly installed, 0 to remove and 36 not upgraded.
2026-09-30T19:25:51.9668131Z Need to get 34.9 MB of archives.
2026-09-30T19:25:51.9668937Z After this operation, 79.7 MB of additional disk space will be used.
2026-09-30T19:25:51.9669485Z Get:1 file:/etc/apt/apt-mirrors.txt Mirrorlist [144 B]
2026-09-30T19:25:52.0461617Z Get:2 http://azure.archive.ubuntu.com/ubuntu noble/universe amd64 fonts-ipafont-gothic all 00303-21ubuntu1 [3513 kB]
2026-09-30T19:25:52.1866768Z Get:3 http://azure.archive.ubuntu.com/ubuntu noble-updates/main amd64 libglib2.0-data all 2.80.0-6ubuntu3.9 [50.1 kB]
2026-09-30T19:25:52.2505759Z Get:4 http://azure.archive.ubuntu.com/ubuntu noble-updates/main amd64 libglib2.0-bin amd64 2.80.0-6ubuntu3.9 [97.9 kB]
2026-09-30T19:25:52.3153001Z Get:5 http://azure.archive.ubuntu.com/ubuntu noble-updates/main amd64 gir1.2-glib-2.0 amd64 2.80.0-6ubuntu3.9 [183 kB]
2026-09-30T19:25:52.3819524Z Get:6 http://azure.archive.ubuntu.com/ubuntu noble-updates/main amd64 libglib2.0-0t64 amd64 2.80.0-6ubuntu3.9 [1547 kB]
2026-09-30T19:25:52.4755089Z Get:7 http://azure.archive.ubuntu.com/ubuntu noble/main amd64 fonts-freefont-ttf all 20211204+svn4273-2 [5641 kB]
2026-09-30T19:25:52.6513488Z Get:8 http://azure.archive.ubuntu.com/ubuntu noble/universe amd64 fonts-tlwg-loma-otf all 1:0.7.3-1 [107 kB]
2026-09-30T19:25:52.7161625Z Get:9 http://azure.archive.ubuntu.com/ubuntu noble/universe amd64 fonts-unifont all 1:15.1.01-1build1 [2993 kB]
2026-09-30T19:25:52.8384597Z Get:10 http://azure.archive.ubuntu.com/ubuntu noble/universe amd64 fonts-wqy-zenhei all 0.9.45-8 [7472 kB]
2026-09-30T19:25:53.0544732Z Get:11 http://azure.archive.ubuntu.com/ubuntu noble-updates/main amd64 libgl1-mesa-dri amd64 25.2.8-0ubuntu0.24.04.3 [37.9 kB]
2026-09-30T19:25:53.1181157Z Get:12 http://azure.archive.ubuntu.com/ubuntu noble/main amd64 libwayland-server0 amd64 1.22.0-2.1build1 [33.9 kB]
2026-09-30T19:25:53.1815519Z Get:13 http://azure.archive.ubuntu.com/ubuntu noble-updates/main amd64 libglx-mesa0 amd64 25.2.8-0ubuntu0.24.04.3 [110 kB]
2026-09-30T19:25:53.2470077Z Get:14 http://azure.archive.ubuntu.com/ubuntu noble-updates/main amd64 libgbm1 amd64 25.2.8-0ubuntu0.24.04.3 [34.3 kB]
2026-09-30T19:25:53.3113686Z Get:15 http://azure.archive.ubuntu.com/ubuntu noble-updates/main amd64 mesa-libgallium amd64 25.2.8-0ubuntu0.24.04.3 [10.8 MB]
2026-09-30T19:25:53.5927385Z Get:16 http://azure.archive.ubuntu.com/ubuntu noble/main amd64 xfonts-encodings all 1:1.0.5-0ubuntu2 [578 kB]
2026-09-30T19:25:53.6669078Z Get:17 http://azure.archive.ubuntu.com/ubuntu noble/main amd64 xfonts-utils amd64 1:7.7+6build3 [94.4 kB]
2026-09-30T19:25:53.7311950Z Get:18 http://azure.archive.ubuntu.com/ubuntu noble/universe amd64 xfonts-cyrillic all 1:1.0.5+nmu1 [384 kB]
2026-09-30T19:25:53.7973662Z Get:19 http://azure.archive.ubuntu.com/ubuntu noble/main amd64 xfonts-scalable all 1:1.0.3-1.3 [304 kB]
2026-09-30T19:25:53.8637544Z Get:20 http://azure.archive.ubuntu.com/ubuntu noble-updates/main amd64 xserver-common all 2:21.1.12-1ubuntu1.8 [34.8 kB]
2026-09-30T19:25:53.9278448Z Get:21 http://azure.archive.ubuntu.com/ubuntu noble-updates/universe amd64 xvfb amd64 2:21.1.12-1ubuntu1.8 [877 kB]
2026-09-30T19:25:54.2462904Z Fetched 34.9 MB in 2s (17.6 MB/s)
2026-09-30T19:25:54.2949239Z Selecting previously unselected package fonts-ipafont-gothic.
2026-09-30T19:25:54.3160524Z (Reading database ... 
2026-09-30T19:25:54.3160891Z (Reading database ... 5%
2026-09-30T19:25:54.3161165Z (Reading database ... 10%
2026-09-30T19:25:54.3161373Z (Reading database ... 15%
2026-09-30T19:25:54.3161846Z (Reading database ... 20%
2026-09-30T19:25:54.3162043Z (Reading database ... 25%
2026-09-30T19:25:54.3162345Z (Reading database ... 30%
2026-09-30T19:25:54.3162729Z (Reading database ... 35%
2026-09-30T19:25:54.3163137Z (Reading database ... 40%
2026-09-30T19:25:54.3163469Z (Reading database ... 45%
2026-09-30T19:25:54.3163670Z (Reading database ... 50%
2026-09-30T19:25:54.4133308Z (Reading database ... 55%
2026-09-30T19:25:54.5325425Z (Reading database ... 60%
2026-09-30T19:25:54.5935966Z (Reading database ... 65%
2026-09-30T19:25:54.7836952Z (Reading database ... 70%
2026-09-30T19:25:54.9304746Z (Reading database ... 75%
2026-09-30T19:25:55.0865209Z (Reading database ... 80%
2026-09-30T19:25:55.3317241Z (Reading database ... 85%
2026-09-30T19:25:55.5374646Z (Reading database ... 90%
2026-09-30T19:25:55.8078828Z (Reading database ... 95%
2026-09-30T19:25:55.8079207Z (Reading database ... 100%
2026-09-30T19:25:55.8079519Z (Reading database ... 202190 files and directories currently installed.)
2026-09-30T19:25:55.8123430Z Preparing to unpack .../00-fonts-ipafont-gothic_00303-21ubuntu1_all.deb ...
2026-09-30T19:25:55.8431000Z Unpacking fonts-ipafont-gothic (00303-21ubuntu1) ...
2026-09-30T19:25:56.1205875Z Preparing to unpack .../01-libglib2.0-data_2.80.0-6ubuntu3.9_all.deb ...
2026-09-30T19:25:56.1226669Z Unpacking libglib2.0-data (2.80.0-6ubuntu3.9) over (2.80.0-6ubuntu3.8) ...
2026-09-30T19:25:56.1716025Z Preparing to unpack .../02-libglib2.0-bin_2.80.0-6ubuntu3.9_amd64.deb ...
2026-09-30T19:25:56.1735077Z Unpacking libglib2.0-bin (2.80.0-6ubuntu3.9) over (2.80.0-6ubuntu3.8) ...
2026-09-30T19:25:56.2736700Z Preparing to unpack .../03-gir1.2-glib-2.0_2.80.0-6ubuntu3.9_amd64.deb ...
2026-09-30T19:25:56.2753351Z Unpacking gir1.2-glib-2.0:amd64 (2.80.0-6ubuntu3.9) over (2.80.0-6ubuntu3.8) ...
2026-09-30T19:25:56.3232225Z Preparing to unpack .../04-libglib2.0-0t64_2.80.0-6ubuntu3.9_amd64.deb ...
2026-09-30T19:25:56.3298146Z Unpacking libglib2.0-0t64:amd64 (2.80.0-6ubuntu3.9) over (2.80.0-6ubuntu3.8) ...
2026-09-30T19:25:56.4830545Z Selecting previously unselected package fonts-freefont-ttf.
2026-09-30T19:25:56.4948601Z Preparing to unpack .../05-fonts-freefont-ttf_20211204+svn4273-2_all.deb ...
2026-09-30T19:25:56.4999443Z Unpacking fonts-freefont-ttf (20211204+svn4273-2) ...
2026-09-30T19:25:56.5912476Z Selecting previously unselected package fonts-tlwg-loma-otf.
2026-09-30T19:25:56.6025878Z Preparing to unpack .../06-fonts-tlwg-loma-otf_1%3a0.7.3-1_all.deb ...
2026-09-30T19:25:56.6595821Z Unpacking fonts-tlwg-loma-otf (1:0.7.3-1) ...
2026-09-30T19:25:56.6969903Z Selecting previously unselected package fonts-unifont.
2026-09-30T19:25:56.7082063Z Preparing to unpack .../07-fonts-unifont_1%3a15.1.01-1build1_all.deb ...
2026-09-30T19:25:56.7178097Z Unpacking fonts-unifont (1:15.1.01-1build1) ...
2026-09-30T19:25:56.8983718Z Selecting previously unselected package fonts-wqy-zenhei.
2026-09-30T19:25:56.9097632Z Preparing to unpack .../08-fonts-wqy-zenhei_0.9.45-8_all.deb ...
2026-09-30T19:25:56.9183296Z Unpacking fonts-wqy-zenhei (0.9.45-8) ...
2026-09-30T19:25:57.4281240Z Preparing to unpack .../09-libgl1-mesa-dri_25.2.8-0ubuntu0.24.04.3_amd64.deb ...
2026-09-30T19:25:57.5430468Z Unpacking libgl1-mesa-dri:amd64 (25.2.8-0ubuntu0.24.04.3) over (25.2.8-0ubuntu0.24.04.2) ...
2026-09-30T19:25:57.6645858Z Selecting previously unselected package libwayland-server0:amd64.
2026-09-30T19:25:57.6766291Z Preparing to unpack .../10-libwayland-server0_1.22.0-2.1build1_amd64.deb ...
2026-09-30T19:25:57.6772721Z Unpacking libwayland-server0:amd64 (1.22.0-2.1build1) ...
2026-09-30T19:25:57.7205360Z Preparing to unpack .../11-libglx-mesa0_25.2.8-0ubuntu0.24.04.3_amd64.deb ...
2026-09-30T19:25:57.8593566Z Unpacking libglx-mesa0:amd64 (25.2.8-0ubuntu0.24.04.3) over (25.2.8-0ubuntu0.24.04.2) ...
2026-09-30T19:25:57.8939313Z Preparing to unpack .../12-libgbm1_25.2.8-0ubuntu0.24.04.3_amd64.deb ...
2026-09-30T19:25:57.8958047Z Unpacking libgbm1:amd64 (25.2.8-0ubuntu0.24.04.3) over (25.2.8-0ubuntu0.24.04.2) ...
2026-09-30T19:25:57.9294984Z Preparing to unpack .../13-mesa-libgallium_25.2.8-0ubuntu0.24.04.3_amd64.deb ...
2026-09-30T19:25:57.9312600Z Unpacking mesa-libgallium:amd64 (25.2.8-0ubuntu0.24.04.3) over (25.2.8-0ubuntu0.24.04.2) ...
2026-09-30T19:25:58.3288573Z Selecting previously unselected package xfonts-encodings.
2026-09-30T19:25:58.3408566Z Preparing to unpack .../14-xfonts-encodings_1%3a1.0.5-0ubuntu2_all.deb ...
2026-09-30T19:25:58.3745140Z Unpacking xfonts-encodings (1:1.0.5-0ubuntu2) ...
2026-09-30T19:25:58.4013396Z Selecting previously unselected package xfonts-utils.
2026-09-30T19:25:58.4126918Z Preparing to unpack .../15-xfonts-utils_1%3a7.7+6build3_amd64.deb ...
2026-09-30T19:25:58.4441874Z Unpacking xfonts-utils (1:7.7+6build3) ...
2026-09-30T19:25:58.4708954Z Selecting previously unselected package xfonts-cyrillic.
2026-09-30T19:25:58.4825973Z Preparing to unpack .../16-xfonts-cyrillic_1%3a1.0.5+nmu1_all.deb ...
2026-09-30T19:25:58.4833148Z Unpacking xfonts-cyrillic (1:1.0.5+nmu1) ...
2026-09-30T19:25:58.5108248Z Selecting previously unselected package xfonts-scalable.
2026-09-30T19:25:58.5221831Z Preparing to unpack .../17-xfonts-scalable_1%3a1.0.3-1.3_all.deb ...
2026-09-30T19:25:58.5469540Z Unpacking xfonts-scalable (1:1.0.3-1.3) ...
2026-09-30T19:25:58.5783808Z Preparing to unpack .../18-xserver-common_2%3a21.1.12-1ubuntu1.8_all.deb ...
2026-09-30T19:25:58.5800805Z Unpacking xserver-common (2:21.1.12-1ubuntu1.8) over (2:21.1.12-1ubuntu1.6) ...
2026-09-30T19:25:58.6126934Z Preparing to unpack .../19-xvfb_2%3a21.1.12-1ubuntu1.8_amd64.deb ...
2026-09-30T19:25:58.7114371Z Unpacking xvfb (2:21.1.12-1ubuntu1.8) over (2:21.1.12-1ubuntu1.6) ...
2026-09-30T19:25:58.7749502Z Setting up libwayland-server0:amd64 (1.22.0-2.1build1) ...
2026-09-30T19:25:58.7765932Z Setting up mesa-libgallium:amd64 (25.2.8-0ubuntu0.24.04.3) ...
2026-09-30T19:25:58.7780384Z Setting up libgbm1:amd64 (25.2.8-0ubuntu0.24.04.3) ...
2026-09-30T19:25:58.7796163Z Setting up libgl1-mesa-dri:amd64 (25.2.8-0ubuntu0.24.04.3) ...
2026-09-30T19:25:58.7859818Z Setting up fonts-wqy-zenhei (0.9.45-8) ...
2026-09-30T19:25:58.7961630Z Setting up fonts-freefont-ttf (20211204+svn4273-2) ...
2026-09-30T19:25:58.7976165Z Setting up libglib2.0-0t64:amd64 (2.80.0-6ubuntu3.9) ...
2026-09-30T19:25:58.8146253Z Setting up libglib2.0-data (2.80.0-6ubuntu3.9) ...
2026-09-30T19:25:58.8159458Z Setting up fonts-tlwg-loma-otf (1:0.7.3-1) ...
2026-09-30T19:25:58.8173697Z Setting up xfonts-encodings (1:1.0.5-0ubuntu2) ...
2026-09-30T19:25:58.8190796Z Setting up gir1.2-glib-2.0:amd64 (2.80.0-6ubuntu3.9) ...
2026-09-30T19:25:58.8205006Z Setting up fonts-ipafont-gothic (00303-21ubuntu1) ...
2026-09-30T19:25:58.8265828Z update-alternatives: using /usr/share/fonts/opentype/ipafont-gothic/ipag.ttf to provide /usr/share/fonts/truetype/fonts-japanese-gothic.ttf (fonts-japanese-gothic.ttf) in auto mode
2026-09-30T19:25:58.8279142Z Setting up xserver-common (2:21.1.12-1ubuntu1.8) ...
2026-09-30T19:25:58.8292542Z Setting up fonts-unifont (1:15.1.01-1build1) ...
2026-09-30T19:25:58.8306742Z Setting up libglx-mesa0:amd64 (25.2.8-0ubuntu0.24.04.3) ...
2026-09-30T19:25:58.8320930Z Setting up xvfb (2:21.1.12-1ubuntu1.8) ...
2026-09-30T19:25:58.8335191Z Setting up libglib2.0-bin (2.80.0-6ubuntu3.9) ...
2026-09-30T19:25:58.8349859Z Setting up xfonts-utils (1:7.7+6build3) ...
2026-09-30T19:25:58.8384834Z Setting up xfonts-cyrillic (1:1.0.5+nmu1) ...
2026-09-30T19:25:58.8639070Z Setting up xfonts-scalable (1:1.0.3-1.3) ...
2026-09-30T19:25:58.9389053Z Processing triggers for libc-bin (2.39-0ubuntu8.9) ...
2026-09-30T19:25:59.3821455Z Processing triggers for man-db (2.12.0-4build2) ...
2026-09-30T19:25:59.3839363Z Not building database; man-db/auto-update is not 'true'.
2026-09-30T19:25:59.3849896Z Processing triggers for fontconfig (2.15.0-1.1ubuntu2) ...
2026-09-30T19:26:00.2916974Z 
2026-09-30T19:26:00.2917488Z Running kernel seems to be up-to-date.
2026-09-30T19:26:00.2917800Z 
2026-09-30T19:26:00.2917912Z Restarting services...
2026-09-30T19:26:00.3308407Z  systemctl restart packagekit.service php8.3-fpm.service polkit.service udisks2.service
2026-09-30T19:26:00.4409251Z 
2026-09-30T19:26:00.4409792Z Service restarts being deferred:
2026-09-30T19:26:00.4410235Z  systemctl restart ModemManager.service
2026-09-30T19:26:00.4410674Z  systemctl restart networkd-dispatcher.service
2026-09-30T19:26:00.4410996Z 
2026-09-30T19:26:00.4411138Z No containers need to be restarted.
2026-09-30T19:26:00.4411419Z 
2026-09-30T19:26:00.4411573Z No user sessions are running outdated binaries.
2026-09-30T19:26:00.4411841Z 
2026-09-30T19:26:00.4412096Z No VM guests are running outdated hypervisor (qemu) binaries on this host.
2026-09-30T19:26:01.4659240Z Downloading Chrome for Testing 153.0.8010.12 (playwright chromium v1243) from https://cdn.playwright.dev/builds/cft/153.0.8010.12/linux64/chrome-linux64.zip
2026-09-30T19:26:01.8396709Z |                                                                                |   0% of 186.8 MiB
2026-09-30T19:26:02.0671303Z |■■■■■■■■                                                                        |  10% of 186.8 MiB
2026-09-30T19:26:02.1685056Z |■■■■■■■■■■■■■■■■                                                                |  20% of 186.8 MiB
2026-09-30T19:26:02.3718536Z |■■■■■■■■■■■■■■■■■■■■■■■■                                                        |  30% of 186.8 MiB
2026-09-30T19:26:02.5572570Z |■■■■■■■■■■■■■■■■■■■■■■■■■■■■■■■■                                                |  40% of 186.8 MiB
2026-09-30T19:26:02.7598562Z |■■■■■■■■■■■■■■■■■■■■■■■■■■■■■■■■■■■■■■■■                                        |  50% of 186.8 MiB
2026-09-30T19:26:02.9520742Z |■■■■■■■■■■■■■■■■■■■■■■■■■■■■■■■■■■■■■■■■■■■■■■■■                                |  60% of 186.8 MiB
2026-09-30T19:26:03.2474526Z |■■■■■■■■■■■■■■■■■■■■■■■■■■■■■■■■■■■■■■■■■■■■■■■■■■■■■■■■                        |  70% of 186.8 MiB
2026-09-30T19:26:03.3816990Z |■■■■■■■■■■■■■■■■■■■■■■■■■■■■■■■■■■■■■■■■■■■■■■■■■■■■■■■■■■■■■■■■                |  80% of 186.8 MiB
2026-09-30T19:26:03.5559933Z |■■■■■■■■■■■■■■■■■■■■■■■■■■■■■■■■■■■■■■■■■■■■■■■■■■■■■■■■■■■■■■■■■■■■■■■■        |  90% of 186.8 MiB
2026-09-30T19:26:03.7458693Z |■■■■■■■■■■■■■■■■■■■■■■■■■■■■■■■■■■■■■■■■■■■■■■■■■■■■■■■■■■■■■■■■■■■■■■■■■■■■■■■■| 100% of 186.8 MiB
2026-09-30T19:26:06.1691119Z Chrome for Testing 153.0.8010.12 (playwright chromium v1243) downloaded to /home/runner/.cache/ms-playwright/chromium-1243
2026-09-30T19:26:06.1694428Z Downloading FFmpeg (playwright ffmpeg v1011) from https://cdn.playwright.dev/dbazure/download/playwright/builds/ffmpeg/1011/ffmpeg-linux.zip
2026-09-30T19:26:06.4590796Z |                                                                                |   0% of 2.3 MiB
2026-09-30T19:26:06.4820393Z |■■■■■■■■                                                                        |  10% of 2.3 MiB
2026-09-30T19:26:06.4953223Z |■■■■■■■■■■■■■■■■                                                                |  20% of 2.3 MiB
2026-09-30T19:26:06.5063380Z |■■■■■■■■■■■■■■■■■■■■■■■■                                                        |  30% of 2.3 MiB
2026-09-30T19:26:06.5112003Z |■■■■■■■■■■■■■■■■■■■■■■■■■■■■■■■■                                                |  40% of 2.3 MiB
2026-09-30T19:26:06.5169225Z |■■■■■■■■■■■■■■■■■■■■■■■■■■■■■■■■■■■■■■■■                                        |  50% of 2.3 MiB
2026-09-30T19:26:06.5235005Z |■■■■■■■■■■■■■■■■■■■■■■■■■■■■■■■■■■■■■■■■■■■■■■■■                                |  60% of 2.3 MiB
2026-09-30T19:26:06.5251970Z |■■■■■■■■■■■■■■■■■■■■■■■■■■■■■■■■■■■■■■■■■■■■■■■■■■■■■■■■                        |  70% of 2.3 MiB
2026-09-30T19:26:06.5316265Z |■■■■■■■■■■■■■■■■■■■■■■■■■■■■■■■■■■■■■■■■■■■■■■■■■■■■■■■■■■■■■■■■                |  80% of 2.3 MiB
2026-09-30T19:26:06.5329229Z |■■■■■■■■■■■■■■■■■■■■■■■■■■■■■■■■■■■■■■■■■■■■■■■■■■■■■■■■■■■■■■■■■■■■■■■■        |  90% of 2.3 MiB
2026-09-30T19:26:06.5393624Z |■■■■■■■■■■■■■■■■■■■■■■■■■■■■■■■■■■■■■■■■■■■■■■■■■■■■■■■■■■■■■■■■■■■■■■■■■■■■■■■■| 100% of 2.3 MiB
2026-09-30T19:26:06.5833974Z FFmpeg (playwright ffmpeg v1011) downloaded to /home/runner/.cache/ms-playwright/ffmpeg-1011
2026-09-30T19:26:06.5837398Z Downloading Chrome Headless Shell 153.0.8010.12 (playwright chromium-headless-shell v1243) from https://cdn.playwright.dev/builds/cft/153.0.8010.12/linux64/chrome-headless-shell-linux64.zip
2026-09-30T19:26:06.9419922Z |                                                                                |   0% of 114.3 MiB
2026-09-30T19:26:07.1205192Z |■■■■■■■■                                                                        |  10% of 114.3 MiB
2026-09-30T19:26:07.1770924Z |■■■■■■■■■■■■■■■■                                                                |  20% of 114.3 MiB
2026-09-30T19:26:07.2191989Z |■■■■■■■■■■■■■■■■■■■■■■■■                                                        |  30% of 114.3 MiB
2026-09-30T19:26:07.2731627Z |■■■■■■■■■■■■■■■■■■■■■■■■■■■■■■■■                                                |  40% of 114.3 MiB
2026-09-30T19:26:07.3046854Z |■■■■■■■■■■■■■■■■■■■■■■■■■■■■■■■■■■■■■■■■                                        |  50% of 114.3 MiB
2026-09-30T19:26:07.3414930Z |■■■■■■■■■■■■■■■■■■■■■■■■■■■■■■■■■■■■■■■■■■■■■■■■                                |  60% of 114.3 MiB
2026-09-30T19:26:07.4065259Z |■■■■■■■■■■■■■■■■■■■■■■■■■■■■■■■■■■■■■■■■■■■■■■■■■■■■■■■■                        |  70% of 114.3 MiB
2026-09-30T19:26:07.4376943Z |■■■■■■■■■■■■■■■■■■■■■■■■■■■■■■■■■■■■■■■■■■■■■■■■■■■■■■■■■■■■■■■■                |  80% of 114.3 MiB
2026-09-30T19:26:07.4663152Z |■■■■■■■■■■■■■■■■■■■■■■■■■■■■■■■■■■■■■■■■■■■■■■■■■■■■■■■■■■■■■■■■■■■■■■■■        |  90% of 114.3 MiB
2026-09-30T19:26:07.5128345Z |■■■■■■■■■■■■■■■■■■■■■■■■■■■■■■■■■■■■■■■■■■■■■■■■■■■■■■■■■■■■■■■■■■■■■■■■■■■■■■■■| 100% of 114.3 MiB
2026-09-30T19:26:09.2714536Z Chrome Headless Shell 153.0.8010.12 (playwright chromium-headless-shell v1243) downloaded to /home/runner/.cache/ms-playwright/chromium_headless_shell-1243
2026-09-30T19:26:09.2934624Z ##[group]Run npm install axe-core@4.11.0
2026-09-30T19:26:09.2934949Z [36;1mnpm install axe-core@4.11.0[0m
2026-09-30T19:26:09.2935264Z [36;1mAXE_PATH=$(node -p "require.resolve('axe-core/axe.min.js')")[0m
2026-09-30T19:26:09.2935623Z [36;1mecho "ACCESSDOC_AXE_PATH=$AXE_PATH" >> "$GITHUB_ENV"[0m
2026-09-30T19:26:09.2992924Z shell: /usr/bin/bash -e {0}
2026-09-30T19:26:09.2993142Z env:
2026-09-30T19:26:09.2993379Z   pythonLocation: /opt/hostedtoolcache/Python/3.12.14/x64
2026-09-30T19:26:09.2993745Z   PKG_CONFIG_PATH: /opt/hostedtoolcache/Python/3.12.14/x64/lib/pkgconfig
2026-09-30T19:26:09.2994307Z   Python_ROOT_DIR: /opt/hostedtoolcache/Python/3.12.14/x64
2026-09-30T19:26:09.2994671Z   Python2_ROOT_DIR: /opt/hostedtoolcache/Python/3.12.14/x64
2026-09-30T19:26:09.2994988Z   Python3_ROOT_DIR: /opt/hostedtoolcache/Python/3.12.14/x64
2026-09-30T19:26:09.2995497Z   LD_LIBRARY_PATH: /opt/hostedtoolcache/Python/3.12.14/x64/lib
2026-09-30T19:26:09.2995762Z ##[endgroup]
2026-09-30T19:26:11.0708283Z 
2026-09-30T19:26:11.0708747Z added 1 package in 2s
2026-09-30T19:26:11.1316240Z ##[group]Run python3 -m unittest discover -s tests -p 'test_*.py'
2026-09-30T19:26:11.1316653Z [36;1mpython3 -m unittest discover -s tests -p 'test_*.py'[0m
2026-09-30T19:26:11.1375872Z shell: /usr/bin/bash -e {0}
2026-09-30T19:26:11.1376105Z env:
2026-09-30T19:26:11.1376340Z   pythonLocation: /opt/hostedtoolcache/Python/3.12.14/x64
2026-09-30T19:26:11.1376709Z   PKG_CONFIG_PATH: /opt/hostedtoolcache/Python/3.12.14/x64/lib/pkgconfig
2026-09-30T19:26:11.1377069Z   Python_ROOT_DIR: /opt/hostedtoolcache/Python/3.12.14/x64
2026-09-30T19:26:11.1377394Z   Python2_ROOT_DIR: /opt/hostedtoolcache/Python/3.12.14/x64
2026-09-30T19:26:11.1377709Z   Python3_ROOT_DIR: /opt/hostedtoolcache/Python/3.12.14/x64
2026-09-30T19:26:11.1378021Z   LD_LIBRARY_PATH: /opt/hostedtoolcache/Python/3.12.14/x64/lib
2026-09-30T19:26:11.1378445Z   ACCESSDOC_AXE_PATH: /home/runner/work/AccessDoc/AccessDoc/node_modules/axe-core/axe.min.js
2026-09-30T19:26:11.1378817Z ##[endgroup]
2026-09-30T19:26:25.0766935Z {"event": "request", "request_id": "01d3d819e437", "method": "POST", "status": 422, "duration_ms": 0.33}
2026-09-30T19:26:25.0772815Z {"event": "request", "request_id": "9d5e8cb509dc", "method": "POST", "status": 400, "duration_ms": 0.27}
2026-09-30T19:26:25.0827387Z {"event": "request", "request_id": "82bfa3397134", "method": "POST", "status": 200, "duration_ms": 5.1}
2026-09-30T19:26:25.0834481Z {"event": "request", "request_id": "46330e48e7e4", "method": "POST", "status": 400, "duration_ms": 0.26}
2026-09-30T19:26:25.0845697Z {"event": "request", "request_id": "560589750315", "method": "POST", "status": 400, "duration_ms": 0.71}
2026-09-30T19:26:25.1861455Z {"event": "request", "request_id": "96bec8bf96d5", "method": "POST", "status": 413, "duration_ms": 101.2}
2026-09-30T19:26:25.1915920Z {"event": "request", "request_id": "66d239687c6e", "method": "POST", "status": 200, "duration_ms": 4.94}
2026-09-30T19:26:25.1975843Z {"event": "request", "request_id": "963ea73314a0", "method": "POST", "status": 200, "duration_ms": 4.53}
2026-09-30T19:26:25.1983103Z {"event": "request", "request_id": "275735adbb1f", "method": "POST", "status": 422, "duration_ms": 0.26}
2026-09-30T19:26:25.2009080Z {"event": "request", "request_id": "b58d0e2511df", "method": "POST", "status": 422, "duration_ms": 0.29}
2026-09-30T19:26:25.2317086Z {"event": "request", "request_id": "e70aae813ceb", "method": "POST", "status": 413, "duration_ms": 9.19}
2026-09-30T19:26:25.2324210Z {"event": "request", "request_id": "2490a2830655", "method": "POST", "status": 404, "duration_ms": 0.27}
2026-09-30T19:26:25.2336489Z {"event": "request", "request_id": "c27dff886da5", "method": "POST", "status": 415, "duration_ms": 0.3}
2026-09-30T19:26:25.2388742Z {"event": "request", "request_id": "95eb2266f247", "method": "POST", "status": 200, "duration_ms": 4.82}
2026-09-30T19:26:26.1099127Z ...............................EEE....................................E.............................FE..............................................NOTE: Validity proves only ZIP members match recorded generation-time hashes. It does NOT prove scan truthfulness/completeness, accessibility or legal compliance, signer identity (unless separately verified), or procurement/legal approval.
2026-09-30T19:26:26.1233971Z WARNING: bundle validation failed; content may be tampered, malformed, or not an AccessDoc bundle.
2026-09-30T19:26:26.1266243Z Wrote /tmp/tmpjxz952co/d.zip (6,263 bytes)
2026-09-30T19:26:26.1266675Z Wrote /tmp/tmphyanmubx/b.zip (10,952 bytes)
2026-09-30T19:26:26.1266959Z Wrote /tmp/tmpntbuq6q0/v.zip (6,263 bytes)
2026-09-30T19:26:26.1267247Z {
2026-09-30T19:26:26.1267472Z   "valid": false,
2026-09-30T19:26:26.1267758Z   "errors": [
2026-09-30T19:26:26.1267989Z     "report.html: digest mismatch"
2026-09-30T19:26:26.1268199Z   ]
2026-09-30T19:26:26.1268343Z }
2026-09-30T19:26:26.1268731Z {
2026-09-30T19:26:26.1268907Z   "valid": false,
2026-09-30T19:26:26.1269072Z   "errors": [
2026-09-30T19:26:26.1269261Z     "not a valid zip: File is not a zip file"
2026-09-30T19:26:26.1269678Z   ]
2026-09-30T19:26:26.1269844Z }
2026-09-30T19:26:26.1270024Z Wrote /tmp/tmprv6ybfx9/i.zip (6,263 bytes)
2026-09-30T19:26:26.1270272Z AccessDoc doctor - environment check
2026-09-30T19:26:26.1270504Z ==================================================
2026-09-30T19:26:26.1270747Z   [OK] Python: 3.12.14 (CPython)
2026-09-30T19:26:26.1271002Z   [OK] reportlab: v5.0.1 - PDF generation available
2026-09-30T19:26:26.1271303Z   [OK] PyYAML: v6.0.3 - YAML validation available
2026-09-30T19:26:26.1271574Z   [OK] playwright: installed - scan available
2026-09-30T19:26:26.1271936Z   [WARN] weasyprint: not installed/functional - pip install weasyprint (for tagged PDF)
2026-09-30T19:26:26.1272382Z   [OK] Write permission (cwd): can write to /home/runner/work/AccessDoc/AccessDoc
2026-09-30T19:26:26.1272696Z   [OK] AccessDoc: v0.7.0-beta.7
2026-09-30T19:26:26.1272922Z ==================================================
2026-09-30T19:26:26.1273154Z 6 OK, 1 warnings
2026-09-30T19:26:26.1273252Z 
2026-09-30T19:26:26.1273397Z Warnings do not block core functionality (bundle generation).
2026-09-30T19:26:26.1273692Z Wrote /tmp/tmpyhu0isw5/bundle.zip (10,204 bytes)
2026-09-30T19:26:26.1273918Z {
2026-09-30T19:26:26.1274275Z   "valid": true,
2026-09-30T19:26:26.1274445Z   "errors": []
2026-09-30T19:26:26.1274610Z }
2026-09-30T19:26:26.1274758Z {
2026-09-30T19:26:26.1274912Z   "valid": false,
2026-09-30T19:26:26.1275079Z   "errors": [
2026-09-30T19:26:26.1275260Z     "report.html: digest mismatch"
2026-09-30T19:26:26.1275490Z   ]
2026-09-30T19:26:26.1275636Z }
2026-09-30T19:26:26.1275937Z {"event": "request", "request_id": "e59ec860a4b4", "method": "POST", "status": 400, "duration_ms": 0.56}
2026-09-30T19:26:26.2273556Z {"event": "request", "request_id": "aa26c1e473c2", "method": "POST", "status": 413, "duration_ms": 100.42}
2026-09-30T19:26:26.2336741Z {"event": "request", "request_id": "6c64833eea94", "method": "POST", "status": 200, "duration_ms": 5.04}
2026-09-30T19:26:26.7507110Z ..............NOTE: Validity proves only ZIP members match recorded generation-time hashes. It does NOT prove scan truthfulness/completeness, accessibility or legal compliance, signer identity (unless separately verified), or procurement/legal approval.
2026-09-30T19:26:26.7531309Z Wrote /tmp/tmppkpug5yh/bundle.zip (6,100 bytes)
2026-09-30T19:26:26.7531712Z {
2026-09-30T19:26:26.7531938Z   "valid": true,
2026-09-30T19:26:26.7532120Z   "errors": []
2026-09-30T19:26:26.7532280Z }
2026-09-30T19:26:26.7532594Z {"event": "request", "request_id": "3b6233b7c88f", "method": "POST", "status": 400, "duration_ms": 0.41}
2026-09-30T19:26:26.7536653Z {"event": "request", "request_id": "035194264fe1", "method": "POST", "status": 404, "duration_ms": 0.27}
2026-09-30T19:26:26.7547952Z {"event": "request", "request_id": "3e90d7ba1d73", "method": "POST", "status": 404, "duration_ms": 0.23}
2026-09-30T19:26:26.7578265Z {"event": "request", "request_id": "2fb9a380e944", "method": "POST", "status": 400, "duration_ms": 0.25}
2026-09-30T19:26:26.7629293Z {"event": "request", "request_id": "58839e585659", "method": "POST", "status": 200, "duration_ms": 4.67}
2026-09-30T19:26:26.7992392Z {"event": "request", "request_id": "034840776aaf", "method": "POST", "status": 200, "duration_ms": 5.4}
2026-09-30T19:26:26.8038977Z {"event": "request", "request_id": "841f37ab8c9d", "method": "POST", "status": 200, "duration_ms": 4.78}
2026-09-30T19:26:27.3511868Z {"event": "request", "request_id": "49c75cc49c75", "method": "POST", "status": 503, "duration_ms": 50.32}
2026-09-30T19:26:27.8418863Z {"event": "request", "request_id": "ac94f8b743ad", "method": "POST", "status": 404, "duration_ms": 0.3}
2026-09-30T19:26:29.0006827Z {"ts":1790796389.000467,"level":"info","event":"span","trace_id":"411fe973debee15ea3083f50cdf8fb58","span_id":"4714181cd7afc4be","name":"boom","parent_span_id":"944c8848ac79826f","duration_ms":0.01}
2026-09-30T19:26:29.0037115Z {"ts":1790796389.0035083,"level":"info","event":"span","trace_id":"aaaaaaaaaaaaaaaaaaaaaaaaaaaaaaaa","span_id":"64b573f7e82c8bd1","name":"ingest","parent_span_id":"005a37246e50ec19","duration_ms":0.0,"size":1234,"fmt":"axe","ok":true}
2026-09-30T19:26:30.8838709Z {"event": "request", "request_id": "aef66620c365", "method": "POST", "status": 200, "duration_ms": 6.62}
2026-09-30T19:26:31.0601810Z {"event": "request", "request_id": "90a8c3cee1c7", "method": "POST", "status": 400, "duration_ms": 0.17}
2026-09-30T19:26:31.0741557Z {"event": "request", "request_id": "b482eb1d8af0", "method": "POST", "status": 400, "duration_ms": 0.14}
2026-09-30T19:26:31.0882715Z {"event": "request", "request_id": "5df452a67b27", "method": "POST", "status": 415, "duration_ms": 0.13}
2026-09-30T19:26:31.1064595Z {"event": "request", "request_id": "b722cfcc8b13", "method": "POST", "status": 413, "duration_ms": 0.99}
2026-09-30T19:26:31.1482233Z {"event": "request", "request_id": "42bf4fe76d79", "method": "POST", "status": 400, "duration_ms": 0.15}
2026-09-30T19:26:44.5821513Z ..s................EEEEEEEEEEEEEEEEEE.........E..EE.............EE..........EE.........E...........EEEFFF.......E...E...E...................Es................E..........E.................................................................F..E.................s.E................................................................................EE.................................................................................................................................E.............................E..F......................./opt/hostedtoolcache/Python/3.12.14/x64/lib/python3.12/zipfile/__init__.py:1625: UserWarning: Duplicate name: 'report.html'
2026-09-30T19:26:44.5823454Z   return self._open_to_write(zinfo, force_zip64=force_zip64)
2026-09-30T19:26:44.7845443Z ........E......................./opt/hostedtoolcache/Python/3.12.14/x64/lib/python3.12/zipfile/__init__.py:1625: UserWarning: Duplicate name: 'manifest.json'
2026-09-30T19:26:44.7846553Z   return self._open_to_write(zinfo, force_zip64=force_zip64)
2026-09-30T19:26:44.7947289Z ../opt/hostedtoolcache/Python/3.12.14/x64/lib/python3.12/zipfile/__init__.py:1625: UserWarning: Duplicate name: 'report.pdf'
2026-09-30T19:26:44.7948198Z   return self._open_to_write(zinfo, force_zip64=force_zip64)
2026-09-30T19:26:44.9314978Z .............
2026-09-30T19:26:44.9315819Z ======================================================================
2026-09-30T19:26:44.9316579Z ERROR: test_api_key_auth (unittest.loader._FailedTest.test_api_key_auth)
2026-09-30T19:26:44.9316982Z ----------------------------------------------------------------------
2026-09-30T19:26:44.9317438Z ImportError: Failed to import test module: test_api_key_auth
2026-09-30T19:26:44.9317910Z Traceback (most recent call last):
2026-09-30T19:26:44.9325029Z   File "/opt/hostedtoolcache/Python/3.12.14/x64/lib/python3.12/unittest/loader.py", line 396, in _find_test_path
2026-09-30T19:26:44.9325541Z     module = self._get_module_from_name(name)
2026-09-30T19:26:44.9325825Z              ^^^^^^^^^^^^^^^^^^^^^^^^^^^^^^^^
2026-09-30T19:26:44.9326320Z   File "/opt/hostedtoolcache/Python/3.12.14/x64/lib/python3.12/unittest/loader.py", line 339, in _get_module_from_name
2026-09-30T19:26:44.9326754Z     __import__(name)
2026-09-30T19:26:44.9327117Z   File "/home/runner/work/AccessDoc/AccessDoc/tests/test_api_key_auth.py", line 18, in <module>
2026-09-30T19:26:44.9327497Z     from app.main import Handler
2026-09-30T19:26:44.9327838Z   File "/home/runner/work/AccessDoc/AccessDoc/app/main.py", line 20, in <module>
2026-09-30T19:26:44.9328198Z     from . import remediate as remediation
2026-09-30T19:26:44.9328560Z   File "/home/runner/work/AccessDoc/AccessDoc/app/remediate.py", line 10, in <module>
2026-09-30T19:26:44.9329004Z     from .gateway import ModelGateway, GatewayError, CANONICAL_CHAIN, normalize_model
2026-09-30T19:26:44.9329454Z   File "/home/runner/work/AccessDoc/AccessDoc/app/gateway.py", line 25, in <module>
2026-09-30T19:26:44.9330399Z     from .gateway_transport import PooledSession, CancelledAttempt
2026-09-30T19:26:44.9330969Z   File "/home/runner/work/AccessDoc/AccessDoc/app/gateway_transport.py", line 16, in <module>
2026-09-30T19:26:44.9331338Z     import aiohttp
2026-09-30T19:26:44.9331545Z ModuleNotFoundError: No module named 'aiohttp'
2026-09-30T19:26:44.9331718Z 
2026-09-30T19:26:44.9331722Z 
2026-09-30T19:26:44.9331819Z ======================================================================
2026-09-30T19:26:44.9332228Z ERROR: test_app_main_generate_endpoint (unittest.loader._FailedTest.test_app_main_generate_endpoint)
2026-09-30T19:26:44.9332649Z ----------------------------------------------------------------------
2026-09-30T19:26:44.9333001Z ImportError: Failed to import test module: test_app_main_generate_endpoint
2026-09-30T19:26:44.9333318Z Traceback (most recent call last):
2026-09-30T19:26:44.9333742Z   File "/opt/hostedtoolcache/Python/3.12.14/x64/lib/python3.12/unittest/loader.py", line 396, in _find_test_path
2026-09-30T19:26:44.9334364Z     module = self._get_module_from_name(name)
2026-09-30T19:26:44.9334687Z              ^^^^^^^^^^^^^^^^^^^^^^^^^^^^^^^^
2026-09-30T19:26:44.9335297Z   File "/opt/hostedtoolcache/Python/3.12.14/x64/lib/python3.12/unittest/loader.py", line 339, in _get_module_from_name
2026-09-30T19:26:44.9335712Z     __import__(name)
2026-09-30T19:26:44.9336120Z   File "/home/runner/work/AccessDoc/AccessDoc/tests/test_app_main_generate_endpoint.py", line 19, in <module>
2026-09-30T19:26:44.9336547Z     from app.main import Handler
2026-09-30T19:26:44.9336869Z   File "/home/runner/work/AccessDoc/AccessDoc/app/main.py", line 20, in <module>
2026-09-30T19:26:44.9337208Z     from . import remediate as remediation
2026-09-30T19:26:44.9337563Z   File "/home/runner/work/AccessDoc/AccessDoc/app/remediate.py", line 10, in <module>
2026-09-30T19:26:44.9337999Z     from .gateway import ModelGateway, GatewayError, CANONICAL_CHAIN, normalize_model
2026-09-30T19:26:44.9338440Z   File "/home/runner/work/AccessDoc/AccessDoc/app/gateway.py", line 25, in <module>
2026-09-30T19:26:44.9338839Z     from .gateway_transport import PooledSession, CancelledAttempt
2026-09-30T19:26:44.9339303Z   File "/home/runner/work/AccessDoc/AccessDoc/app/gateway_transport.py", line 16, in <module>
2026-09-30T19:26:44.9339658Z     import aiohttp
2026-09-30T19:26:44.9339867Z ModuleNotFoundError: No module named 'aiohttp'
2026-09-30T19:26:44.9340042Z 
2026-09-30T19:26:44.9340046Z 
2026-09-30T19:26:44.9340149Z ======================================================================
2026-09-30T19:26:44.9340496Z ERROR: test_app_main_health (unittest.loader._FailedTest.test_app_main_health)
2026-09-30T19:26:44.9340848Z ----------------------------------------------------------------------
2026-09-30T19:26:44.9341176Z ImportError: Failed to import test module: test_app_main_health
2026-09-30T19:26:44.9341476Z Traceback (most recent call last):
2026-09-30T19:26:44.9341895Z   File "/opt/hostedtoolcache/Python/3.12.14/x64/lib/python3.12/unittest/loader.py", line 396, in _find_test_path
2026-09-30T19:26:44.9342322Z     module = self._get_module_from_name(name)
2026-09-30T19:26:44.9342567Z              ^^^^^^^^^^^^^^^^^^^^^^^^^^^^^^^^
2026-09-30T19:26:44.9342989Z   File "/opt/hostedtoolcache/Python/3.12.14/x64/lib/python3.12/unittest/loader.py", line 339, in _get_module_from_name
2026-09-30T19:26:44.9343397Z     __import__(name)
2026-09-30T19:26:44.9343747Z   File "/home/runner/work/AccessDoc/AccessDoc/tests/test_app_main_health.py", line 15, in <module>
2026-09-30T19:26:44.9344235Z     from app.main import Handler
2026-09-30T19:26:44.9344554Z   File "/home/runner/work/AccessDoc/AccessDoc/app/main.py", line 20, in <module>
2026-09-30T19:26:44.9344890Z     from . import remediate as remediation
2026-09-30T19:26:44.9345238Z   File "/home/runner/work/AccessDoc/AccessDoc/app/remediate.py", line 10, in <module>
2026-09-30T19:26:44.9345677Z     from .gateway import ModelGateway, GatewayError, CANONICAL_CHAIN, normalize_model
2026-09-30T19:26:44.9346286Z   File "/home/runner/work/AccessDoc/AccessDoc/app/gateway.py", line 25, in <module>
2026-09-30T19:26:44.9346671Z     from .gateway_transport import PooledSession, CancelledAttempt
2026-09-30T19:26:44.9347306Z   File "/home/runner/work/AccessDoc/AccessDoc/app/gateway_transport.py", line 16, in <module>
2026-09-30T19:26:44.9347704Z     import aiohttp
2026-09-30T19:26:44.9347914Z ModuleNotFoundError: No module named 'aiohttp'
2026-09-30T19:26:44.9348083Z 
2026-09-30T19:26:44.9348087Z 
2026-09-30T19:26:44.9348180Z ======================================================================
2026-09-30T19:26:44.9348549Z ERROR: test_degraded_remediation (unittest.loader._FailedTest.test_degraded_remediation)
2026-09-30T19:26:44.9348932Z ----------------------------------------------------------------------
2026-09-30T19:26:44.9349267Z ImportError: Failed to import test module: test_degraded_remediation
2026-09-30T19:26:44.9349563Z Traceback (most recent call last):
2026-09-30T19:26:44.9350103Z   File "/opt/hostedtoolcache/Python/3.12.14/x64/lib/python3.12/unittest/loader.py", line 396, in _find_test_path
2026-09-30T19:26:44.9350629Z     module = self._get_module_from_name(name)
2026-09-30T19:26:44.9351044Z              ^^^^^^^^^^^^^^^^^^^^^^^^^^^^^^^^
2026-09-30T19:26:44.9351786Z   File "/opt/hostedtoolcache/Python/3.12.14/x64/lib/python3.12/unittest/loader.py", line 339, in _get_module_from_name
2026-09-30T19:26:44.9352303Z     __import__(name)
2026-09-30T19:26:44.9352846Z   File "/home/runner/work/AccessDoc/AccessDoc/tests/test_degraded_remediation.py", line 13, in <module>
2026-09-30T19:26:44.9353386Z     from app import remediate as remediation
2026-09-30T19:26:44.9353863Z   File "/home/runner/work/AccessDoc/AccessDoc/app/remediate.py", line 10, in <module>
2026-09-30T19:26:44.9354797Z     from .gateway import ModelGateway, GatewayError, CANONICAL_CHAIN, normalize_model
2026-09-30T19:26:44.9355365Z   File "/home/runner/work/AccessDoc/AccessDoc/app/gateway.py", line 25, in <module>
2026-09-30T19:26:44.9355913Z     from .gateway_transport import PooledSession, CancelledAttempt
2026-09-30T19:26:44.9356532Z   File "/home/runner/work/AccessDoc/AccessDoc/app/gateway_transport.py", line 16, in <module>
2026-09-30T19:26:44.9357017Z     import aiohttp
2026-09-30T19:26:44.9357344Z ModuleNotFoundError: No module named 'aiohttp'
2026-09-30T19:26:44.9357587Z 
2026-09-30T19:26:44.9357590Z 
2026-09-30T19:26:44.9357741Z ======================================================================
2026-09-30T19:26:44.9358236Z ERROR: setUpClass (test_disconnect_chaos_cli_guard.DisconnectEvidenceGuard)
2026-09-30T19:26:44.9358722Z ----------------------------------------------------------------------
2026-09-30T19:26:44.9371302Z Traceback (most recent call last):
2026-09-30T19:26:44.9372004Z   File "/home/runner/work/AccessDoc/AccessDoc/tests/test_disconnect_chaos_cli_guard.py", line 39, in setUpClass
2026-09-30T19:26:44.9372621Z     spec.loader.exec_module(cls.mod)
2026-09-30T19:26:44.9373068Z   File "<frozen importlib._bootstrap_external>", line 999, in exec_module
2026-09-30T19:26:44.9373685Z   File "<frozen importlib._bootstrap>", line 488, in _call_with_frames_removed
2026-09-30T19:26:44.9374463Z   File "/home/runner/work/AccessDoc/AccessDoc/scripts/disconnect_chaos.py", line 19, in <module>
2026-09-30T19:26:44.9374860Z     from app.main import Handler, Server
2026-09-30T19:26:44.9375213Z   File "/home/runner/work/AccessDoc/AccessDoc/app/main.py", line 20, in <module>
2026-09-30T19:26:44.9375549Z     from . import remediate as remediation
2026-09-30T19:26:44.9375900Z   File "/home/runner/work/AccessDoc/AccessDoc/app/remediate.py", line 10, in <module>
2026-09-30T19:26:44.9376343Z     from .gateway import ModelGateway, GatewayError, CANONICAL_CHAIN, normalize_model
2026-09-30T19:26:44.9376783Z   File "/home/runner/work/AccessDoc/AccessDoc/app/gateway.py", line 25, in <module>
2026-09-30T19:26:44.9377174Z     from .gateway_transport import PooledSession, CancelledAttempt
2026-09-30T19:26:44.9377610Z   File "/home/runner/work/AccessDoc/AccessDoc/app/gateway_transport.py", line 16, in <module>
2026-09-30T19:26:44.9378160Z     import aiohttp
2026-09-30T19:26:44.9378375Z ModuleNotFoundError: No module named 'aiohttp'
2026-09-30T19:26:44.9378548Z 
2026-09-30T19:26:44.9378760Z ======================================================================
2026-09-30T19:26:44.9379114Z ERROR: test_error_contract (unittest.loader._FailedTest.test_error_contract)
2026-09-30T19:26:44.9379477Z ----------------------------------------------------------------------
2026-09-30T19:26:44.9379814Z ImportError: Failed to import test module: test_error_contract
2026-09-30T19:26:44.9380107Z Traceback (most recent call last):
2026-09-30T19:26:44.9380538Z   File "/opt/hostedtoolcache/Python/3.12.14/x64/lib/python3.12/unittest/loader.py", line 396, in _find_test_path
2026-09-30T19:26:44.9380956Z     module = self._get_module_from_name(name)
2026-09-30T19:26:44.9381191Z              ^^^^^^^^^^^^^^^^^^^^^^^^^^^^^^^^
2026-09-30T19:26:44.9381614Z   File "/opt/hostedtoolcache/Python/3.12.14/x64/lib/python3.12/unittest/loader.py", line 339, in _get_module_from_name
2026-09-30T19:26:44.9382026Z     __import__(name)
2026-09-30T19:26:44.9382389Z   File "/home/runner/work/AccessDoc/AccessDoc/tests/test_error_contract.py", line 20, in <module>
2026-09-30T19:26:44.9382792Z     from app.main import Handler
2026-09-30T19:26:44.9383123Z   File "/home/runner/work/AccessDoc/AccessDoc/app/main.py", line 20, in <module>
2026-09-30T19:26:44.9383457Z     from . import remediate as remediation
2026-09-30T19:26:44.9383810Z   File "/home/runner/work/AccessDoc/AccessDoc/app/remediate.py", line 10, in <module>
2026-09-30T19:26:44.9384379Z     from .gateway import ModelGateway, GatewayError, CANONICAL_CHAIN, normalize_model
2026-09-30T19:26:44.9384827Z   File "/home/runner/work/AccessDoc/AccessDoc/app/gateway.py", line 25, in <module>
2026-09-30T19:26:44.9385224Z     from .gateway_transport import PooledSession, CancelledAttempt
2026-09-30T19:26:44.9385646Z   File "/home/runner/work/AccessDoc/AccessDoc/app/gateway_transport.py", line 16, in <module>
2026-09-30T19:26:44.9385995Z     import aiohttp
2026-09-30T19:26:44.9386203Z ModuleNotFoundError: No module named 'aiohttp'
2026-09-30T19:26:44.9386364Z 
2026-09-30T19:26:44.9386373Z 
2026-09-30T19:26:44.9386474Z ======================================================================
2026-09-30T19:26:44.9386769Z ERROR: test_gateway (unittest.loader._FailedTest.test_gateway)
2026-09-30T19:26:44.9387075Z ----------------------------------------------------------------------
2026-09-30T19:26:44.9387385Z ImportError: Failed to import test module: test_gateway
2026-09-30T19:26:44.9387653Z Traceback (most recent call last):
2026-09-30T19:26:44.9388058Z   File "/opt/hostedtoolcache/Python/3.12.14/x64/lib/python3.12/unittest/loader.py", line 396, in _find_test_path
2026-09-30T19:26:44.9388477Z     module = self._get_module_from_name(name)
2026-09-30T19:26:44.9388703Z              ^^^^^^^^^^^^^^^^^^^^^^^^^^^^^^^^
2026-09-30T19:26:44.9389114Z   File "/opt/hostedtoolcache/Python/3.12.14/x64/lib/python3.12/unittest/loader.py", line 339, in _get_module_from_name
2026-09-30T19:26:44.9389539Z     __import__(name)
2026-09-30T19:26:44.9389887Z   File "/home/runner/work/AccessDoc/AccessDoc/tests/test_gateway.py", line 15, in <module>
2026-09-30T19:26:44.9390331Z     from app.gateway import (CANONICAL_CHAIN, CircuitBreaker, GatewayError,
2026-09-30T19:26:44.9390760Z   File "/home/runner/work/AccessDoc/AccessDoc/app/gateway.py", line 25, in <module>
2026-09-30T19:26:44.9391161Z     from .gateway_transport import PooledSession, CancelledAttempt
2026-09-30T19:26:44.9391592Z   File "/home/runner/work/AccessDoc/AccessDoc/app/gateway_transport.py", line 16, in <module>
2026-09-30T19:26:44.9391939Z     import aiohttp
2026-09-30T19:26:44.9392148Z ModuleNotFoundError: No module named 'aiohttp'
2026-09-30T19:26:44.9392316Z 
2026-09-30T19:26:44.9392320Z 
2026-09-30T19:26:44.9392420Z ======================================================================
2026-09-30T19:26:44.9392817Z ERROR: test_gateway_backoff_saturation (unittest.loader._FailedTest.test_gateway_backoff_saturation)
2026-09-30T19:26:44.9393400Z ----------------------------------------------------------------------
2026-09-30T19:26:44.9393858Z ImportError: Failed to import test module: test_gateway_backoff_saturation
2026-09-30T19:26:44.9394360Z Traceback (most recent call last):
2026-09-30T19:26:44.9394777Z   File "/opt/hostedtoolcache/Python/3.12.14/x64/lib/python3.12/unittest/loader.py", line 396, in _find_test_path
2026-09-30T19:26:44.9395193Z     module = self._get_module_from_name(name)
2026-09-30T19:26:44.9395424Z              ^^^^^^^^^^^^^^^^^^^^^^^^^^^^^^^^
2026-09-30T19:26:44.9395836Z   File "/opt/hostedtoolcache/Python/3.12.14/x64/lib/python3.12/unittest/loader.py", line 339, in _get_module_from_name
2026-09-30T19:26:44.9396241Z     __import__(name)
2026-09-30T19:26:44.9396609Z   File "/home/runner/work/AccessDoc/AccessDoc/tests/test_gateway_backoff_saturation.py", line 4, in <module>
2026-09-30T19:26:44.9397044Z     from app.gateway import CircuitBreaker, ModelGateway
2026-09-30T19:26:44.9397431Z   File "/home/runner/work/AccessDoc/AccessDoc/app/gateway.py", line 25, in <module>
2026-09-30T19:26:44.9397822Z     from .gateway_transport import PooledSession, CancelledAttempt
2026-09-30T19:26:44.9398241Z   File "/home/runner/work/AccessDoc/AccessDoc/app/gateway_transport.py", line 16, in <module>
2026-09-30T19:26:44.9398580Z     import aiohttp
2026-09-30T19:26:44.9398787Z ModuleNotFoundError: No module named 'aiohttp'
2026-09-30T19:26:44.9398949Z 
2026-09-30T19:26:44.9398953Z 
2026-09-30T19:26:44.9399053Z ======================================================================
2026-09-30T19:26:44.9399403Z ERROR: test_gateway_bench_gate (unittest.loader._FailedTest.test_gateway_bench_gate)
2026-09-30T19:26:44.9399767Z ----------------------------------------------------------------------
2026-09-30T19:26:44.9400094Z ImportError: Failed to import test module: test_gateway_bench_gate
2026-09-30T19:26:44.9400389Z Traceback (most recent call last):
2026-09-30T19:26:44.9400788Z   File "/opt/hostedtoolcache/Python/3.12.14/x64/lib/python3.12/unittest/loader.py", line 396, in _find_test_path
2026-09-30T19:26:44.9401205Z     module = self._get_module_from_name(name)
2026-09-30T19:26:44.9401433Z              ^^^^^^^^^^^^^^^^^^^^^^^^^^^^^^^^
2026-09-30T19:26:44.9401832Z   File "/opt/hostedtoolcache/Python/3.12.14/x64/lib/python3.12/unittest/loader.py", line 339, in _get_module_from_name
2026-09-30T19:26:44.9402227Z     __import__(name)
2026-09-30T19:26:44.9402576Z   File "/home/runner/work/AccessDoc/AccessDoc/tests/test_gateway_bench_gate.py", line 13, in <module>
2026-09-30T19:26:44.9402967Z     from app.gateway import CANONICAL_CHAIN
2026-09-30T19:26:44.9403312Z   File "/home/runner/work/AccessDoc/AccessDoc/app/gateway.py", line 25, in <module>
2026-09-30T19:26:44.9403697Z     from .gateway_transport import PooledSession, CancelledAttempt
2026-09-30T19:26:44.9404260Z   File "/home/runner/work/AccessDoc/AccessDoc/app/gateway_transport.py", line 16, in <module>
2026-09-30T19:26:44.9404628Z     import aiohttp
2026-09-30T19:26:44.9404836Z ModuleNotFoundError: No module named 'aiohttp'
2026-09-30T19:26:44.9405005Z 
2026-09-30T19:26:44.9405015Z 
2026-09-30T19:26:44.9405109Z ======================================================================
2026-09-30T19:26:44.9405511Z ERROR: test_gateway_billing_exhaustion (unittest.loader._FailedTest.test_gateway_billing_exhaustion)
2026-09-30T19:26:44.9405927Z ----------------------------------------------------------------------
2026-09-30T19:26:44.9406272Z ImportError: Failed to import test module: test_gateway_billing_exhaustion
2026-09-30T19:26:44.9406577Z Traceback (most recent call last):
2026-09-30T19:26:44.9407000Z   File "/opt/hostedtoolcache/Python/3.12.14/x64/lib/python3.12/unittest/loader.py", line 396, in _find_test_path
2026-09-30T19:26:44.9407437Z     module = self._get_module_from_name(name)
2026-09-30T19:26:44.9407667Z              ^^^^^^^^^^^^^^^^^^^^^^^^^^^^^^^^
2026-09-30T19:26:44.9408080Z   File "/opt/hostedtoolcache/Python/3.12.14/x64/lib/python3.12/unittest/loader.py", line 339, in _get_module_from_name
2026-09-30T19:26:44.9408627Z     __import__(name)
2026-09-30T19:26:44.9409103Z   File "/home/runner/work/AccessDoc/AccessDoc/tests/test_gateway_billing_exhaustion.py", line 16, in <module>
2026-09-30T19:26:44.9409509Z     from app import gateway as gw
2026-09-30T19:26:44.9409846Z   File "/home/runner/work/AccessDoc/AccessDoc/app/gateway.py", line 25, in <module>
2026-09-30T19:26:44.9410229Z     from .gateway_transport import PooledSession, CancelledAttempt
2026-09-30T19:26:44.9410646Z   File "/home/runner/work/AccessDoc/AccessDoc/app/gateway_transport.py", line 16, in <module>
2026-09-30T19:26:44.9411014Z     import aiohttp
2026-09-30T19:26:44.9411210Z ModuleNotFoundError: No module named 'aiohttp'
2026-09-30T19:26:44.9411379Z 
2026-09-30T19:26:44.9411383Z 
2026-09-30T19:26:44.9411489Z ======================================================================
2026-09-30T19:26:44.9411868Z ERROR: test_gateway_breaker_epochs (unittest.loader._FailedTest.test_gateway_breaker_epochs)
2026-09-30T19:26:44.9412258Z ----------------------------------------------------------------------
2026-09-30T19:26:44.9412606Z ImportError: Failed to import test module: test_gateway_breaker_epochs
2026-09-30T19:26:44.9412902Z Traceback (most recent call last):
2026-09-30T19:26:44.9413303Z   File "/opt/hostedtoolcache/Python/3.12.14/x64/lib/python3.12/unittest/loader.py", line 396, in _find_test_path
2026-09-30T19:26:44.9413705Z     module = self._get_module_from_name(name)
2026-09-30T19:26:44.9413934Z              ^^^^^^^^^^^^^^^^^^^^^^^^^^^^^^^^
2026-09-30T19:26:44.9414517Z   File "/opt/hostedtoolcache/Python/3.12.14/x64/lib/python3.12/unittest/loader.py", line 339, in _get_module_from_name
2026-09-30T19:26:44.9414946Z     __import__(name)
2026-09-30T19:26:44.9415319Z   File "/home/runner/work/AccessDoc/AccessDoc/tests/test_gateway_breaker_epochs.py", line 6, in <module>
2026-09-30T19:26:44.9415821Z     from app.gateway import CANONICAL_CHAIN, CircuitBreaker, GatewayError, ModelGateway
2026-09-30T19:26:44.9416289Z   File "/home/runner/work/AccessDoc/AccessDoc/app/gateway.py", line 25, in <module>
2026-09-30T19:26:44.9416695Z     from .gateway_transport import PooledSession, CancelledAttempt
2026-09-30T19:26:44.9417125Z   File "/home/runner/work/AccessDoc/AccessDoc/app/gateway_transport.py", line 16, in <module>
2026-09-30T19:26:44.9417478Z     import aiohttp
2026-09-30T19:26:44.9417696Z ModuleNotFoundError: No module named 'aiohttp'
2026-09-30T19:26:44.9417861Z 
2026-09-30T19:26:44.9417865Z 
2026-09-30T19:26:44.9417966Z ======================================================================
2026-09-30T19:26:44.9418354Z ERROR: test_gateway_budget_boundaries (unittest.loader._FailedTest.test_gateway_budget_boundaries)
2026-09-30T19:26:44.9418758Z ----------------------------------------------------------------------
2026-09-30T19:26:44.9419110Z ImportError: Failed to import test module: test_gateway_budget_boundaries
2026-09-30T19:26:44.9419421Z Traceback (most recent call last):
2026-09-30T19:26:44.9419833Z   File "/opt/hostedtoolcache/Python/3.12.14/x64/lib/python3.12/unittest/loader.py", line 396, in _find_test_path
2026-09-30T19:26:44.9420255Z     module = self._get_module_from_name(name)
2026-09-30T19:26:44.9420486Z              ^^^^^^^^^^^^^^^^^^^^^^^^^^^^^^^^
2026-09-30T19:26:44.9420896Z   File "/opt/hostedtoolcache/Python/3.12.14/x64/lib/python3.12/unittest/loader.py", line 339, in _get_module_from_name
2026-09-30T19:26:44.9421304Z     __import__(name)
2026-09-30T19:26:44.9421667Z   File "/home/runner/work/AccessDoc/AccessDoc/tests/test_gateway_budget_boundaries.py", line 6, in <module>
2026-09-30T19:26:44.9422128Z     from app.gateway import ModelGateway, CANONICAL_CHAIN, extract_text
2026-09-30T19:26:44.9422531Z   File "/home/runner/work/AccessDoc/AccessDoc/app/gateway.py", line 25, in <module>
2026-09-30T19:26:44.9422917Z     from .gateway_transport import PooledSession, CancelledAttempt
2026-09-30T19:26:44.9423338Z   File "/home/runner/work/AccessDoc/AccessDoc/app/gateway_transport.py", line 16, in <module>
2026-09-30T19:26:44.9423854Z     import aiohttp
2026-09-30T19:26:44.9424187Z ModuleNotFoundError: No module named 'aiohttp'
2026-09-30T19:26:44.9424455Z 
2026-09-30T19:26:44.9424459Z 
2026-09-30T19:26:44.9424560Z ======================================================================
2026-09-30T19:26:44.9424943Z ERROR: test_gateway_error_deadlines (unittest.loader._FailedTest.test_gateway_error_deadlines)
2026-09-30T19:26:44.9425342Z ----------------------------------------------------------------------
2026-09-30T19:26:44.9425675Z ImportError: Failed to import test module: test_gateway_error_deadlines
2026-09-30T19:26:44.9425973Z Traceback (most recent call last):
2026-09-30T19:26:44.9426383Z   File "/opt/hostedtoolcache/Python/3.12.14/x64/lib/python3.12/unittest/loader.py", line 396, in _find_test_path
2026-09-30T19:26:44.9426800Z     module = self._get_module_from_name(name)
2026-09-30T19:26:44.9427029Z              ^^^^^^^^^^^^^^^^^^^^^^^^^^^^^^^^
2026-09-30T19:26:44.9427450Z   File "/opt/hostedtoolcache/Python/3.12.14/x64/lib/python3.12/unittest/loader.py", line 339, in _get_module_from_name
2026-09-30T19:26:44.9427849Z     __import__(name)
2026-09-30T19:26:44.9428215Z   File "/home/runner/work/AccessDoc/AccessDoc/tests/test_gateway_error_deadlines.py", line 11, in <module>
2026-09-30T19:26:44.9428713Z     from app.gateway import BILLING_MARKER, CANONICAL_CHAIN, GatewayError, ModelGateway
2026-09-30T19:26:44.9429173Z   File "/home/runner/work/AccessDoc/AccessDoc/app/gateway.py", line 25, in <module>
2026-09-30T19:26:44.9429565Z     from .gateway_transport import PooledSession, CancelledAttempt
2026-09-30T19:26:44.9429986Z   File "/home/runner/work/AccessDoc/AccessDoc/app/gateway_transport.py", line 16, in <module>
2026-09-30T19:26:44.9430340Z     import aiohttp
2026-09-30T19:26:44.9430540Z ModuleNotFoundError: No module named 'aiohttp'
2026-09-30T19:26:44.9430703Z 
2026-09-30T19:26:44.9430709Z 
2026-09-30T19:26:44.9430806Z ======================================================================
2026-09-30T19:26:44.9431176Z ERROR: test_gateway_health_routing (unittest.loader._FailedTest.test_gateway_health_routing)
2026-09-30T19:26:44.9431573Z ----------------------------------------------------------------------
2026-09-30T19:26:44.9431909Z ImportError: Failed to import test module: test_gateway_health_routing
2026-09-30T19:26:44.9432203Z Traceback (most recent call last):
2026-09-30T19:26:44.9432600Z   File "/opt/hostedtoolcache/Python/3.12.14/x64/lib/python3.12/unittest/loader.py", line 396, in _find_test_path
2026-09-30T19:26:44.9433006Z     module = self._get_module_from_name(name)
2026-09-30T19:26:44.9433235Z              ^^^^^^^^^^^^^^^^^^^^^^^^^^^^^^^^
2026-09-30T19:26:44.9433646Z   File "/opt/hostedtoolcache/Python/3.12.14/x64/lib/python3.12/unittest/loader.py", line 339, in _get_module_from_name
2026-09-30T19:26:44.9434174Z     __import__(name)
2026-09-30T19:26:44.9434584Z   File "/home/runner/work/AccessDoc/AccessDoc/tests/test_gateway_health_routing.py", line 15, in <module>
2026-09-30T19:26:44.9435051Z     from app.gateway import CANONICAL_CHAIN, CircuitBreaker, ModelGateway
2026-09-30T19:26:44.9435471Z   File "/home/runner/work/AccessDoc/AccessDoc/app/gateway.py", line 25, in <module>
2026-09-30T19:26:44.9435861Z     from .gateway_transport import PooledSession, CancelledAttempt
2026-09-30T19:26:44.9436277Z   File "/home/runner/work/AccessDoc/AccessDoc/app/gateway_transport.py", line 16, in <module>
2026-09-30T19:26:44.9436628Z     import aiohttp
2026-09-30T19:26:44.9436828Z ModuleNotFoundError: No module named 'aiohttp'
2026-09-30T19:26:44.9436997Z 
2026-09-30T19:26:44.9437000Z 
2026-09-30T19:26:44.9437091Z ======================================================================
2026-09-30T19:26:44.9437469Z ERROR: test_gateway_hedged_failover (unittest.loader._FailedTest.test_gateway_hedged_failover)
2026-09-30T19:26:44.9437854Z ----------------------------------------------------------------------
2026-09-30T19:26:44.9438196Z ImportError: Failed to import test module: test_gateway_hedged_failover
2026-09-30T19:26:44.9438619Z Traceback (most recent call last):
2026-09-30T19:26:44.9439130Z   File "/opt/hostedtoolcache/Python/3.12.14/x64/lib/python3.12/unittest/loader.py", line 396, in _find_test_path
2026-09-30T19:26:44.9439539Z     module = self._get_module_from_name(name)
2026-09-30T19:26:44.9439768Z              ^^^^^^^^^^^^^^^^^^^^^^^^^^^^^^^^
2026-09-30T19:26:44.9440188Z   File "/opt/hostedtoolcache/Python/3.12.14/x64/lib/python3.12/unittest/loader.py", line 339, in _get_module_from_name
2026-09-30T19:26:44.9440581Z     __import__(name)
2026-09-30T19:26:44.9440938Z   File "/home/runner/work/AccessDoc/AccessDoc/tests/test_gateway_hedged_failover.py", line 14, in <module>
2026-09-30T19:26:44.9441325Z     from app import gateway
2026-09-30T19:26:44.9441648Z   File "/home/runner/work/AccessDoc/AccessDoc/app/gateway.py", line 25, in <module>
2026-09-30T19:26:44.9442033Z     from .gateway_transport import PooledSession, CancelledAttempt
2026-09-30T19:26:44.9442454Z   File "/home/runner/work/AccessDoc/AccessDoc/app/gateway_transport.py", line 16, in <module>
2026-09-30T19:26:44.9442799Z     import aiohttp
2026-09-30T19:26:44.9443002Z ModuleNotFoundError: No module named 'aiohttp'
2026-09-30T19:26:44.9443169Z 
2026-09-30T19:26:44.9443172Z 
2026-09-30T19:26:44.9443261Z ======================================================================
2026-09-30T19:26:44.9443653Z ERROR: test_gateway_immediate_failover (unittest.loader._FailedTest.test_gateway_immediate_failover)
2026-09-30T19:26:44.9444219Z ----------------------------------------------------------------------
2026-09-30T19:26:44.9444591Z ImportError: Failed to import test module: test_gateway_immediate_failover
2026-09-30T19:26:44.9444902Z Traceback (most recent call last):
2026-09-30T19:26:44.9445310Z   File "/opt/hostedtoolcache/Python/3.12.14/x64/lib/python3.12/unittest/loader.py", line 396, in _find_test_path
2026-09-30T19:26:44.9445724Z     module = self._get_module_from_name(name)
2026-09-30T19:26:44.9445959Z              ^^^^^^^^^^^^^^^^^^^^^^^^^^^^^^^^
2026-09-30T19:26:44.9446381Z   File "/opt/hostedtoolcache/Python/3.12.14/x64/lib/python3.12/unittest/loader.py", line 339, in _get_module_from_name
2026-09-30T19:26:44.9446784Z     __import__(name)
2026-09-30T19:26:44.9447153Z   File "/home/runner/work/AccessDoc/AccessDoc/tests/test_gateway_immediate_failover.py", line 6, in <module>
2026-09-30T19:26:44.9447623Z     from app.gateway import CANONICAL_CHAIN, CircuitBreaker, ModelGateway
2026-09-30T19:26:44.9448037Z   File "/home/runner/work/AccessDoc/AccessDoc/app/gateway.py", line 25, in <module>
2026-09-30T19:26:44.9448426Z     from .gateway_transport import PooledSession, CancelledAttempt
2026-09-30T19:26:44.9448847Z   File "/home/runner/work/AccessDoc/AccessDoc/app/gateway_transport.py", line 16, in <module>
2026-09-30T19:26:44.9449192Z     import aiohttp
2026-09-30T19:26:44.9449393Z ModuleNotFoundError: No module named 'aiohttp'
2026-09-30T19:26:44.9449560Z 
2026-09-30T19:26:44.9449563Z 
2026-09-30T19:26:44.9449658Z ======================================================================
2026-09-30T19:26:44.9450055Z ERROR: test_gateway_native_ownership (unittest.loader._FailedTest.test_gateway_native_ownership)
2026-09-30T19:26:44.9450462Z ----------------------------------------------------------------------
2026-09-30T19:26:44.9450799Z ImportError: Failed to import test module: test_gateway_native_ownership
2026-09-30T19:26:44.9451112Z Traceback (most recent call last):
2026-09-30T19:26:44.9451513Z   File "/opt/hostedtoolcache/Python/3.12.14/x64/lib/python3.12/unittest/loader.py", line 396, in _find_test_path
2026-09-30T19:26:44.9451914Z     module = self._get_module_from_name(name)
2026-09-30T19:26:44.9452141Z              ^^^^^^^^^^^^^^^^^^^^^^^^^^^^^^^^
2026-09-30T19:26:44.9452556Z   File "/opt/hostedtoolcache/Python/3.12.14/x64/lib/python3.12/unittest/loader.py", line 339, in _get_module_from_name
2026-09-30T19:26:44.9452952Z     __import__(name)
2026-09-30T19:26:44.9453311Z   File "/home/runner/work/AccessDoc/AccessDoc/tests/test_gateway_native_ownership.py", line 13, in <module>
2026-09-30T19:26:44.9453880Z     from app.gateway import ModelGateway, CANONICAL_CHAIN
2026-09-30T19:26:44.9454444Z   File "/home/runner/work/AccessDoc/AccessDoc/app/gateway.py", line 25, in <module>
2026-09-30T19:26:44.9454843Z     from .gateway_transport import PooledSession, CancelledAttempt
2026-09-30T19:26:44.9455284Z   File "/home/runner/work/AccessDoc/AccessDoc/app/gateway_transport.py", line 16, in <module>
2026-09-30T19:26:44.9455632Z     import aiohttp
2026-09-30T19:26:44.9455840Z ModuleNotFoundError: No module named 'aiohttp'
2026-09-30T19:26:44.9456010Z 
2026-09-30T19:26:44.9456014Z 
2026-09-30T19:26:44.9456115Z ======================================================================
2026-09-30T19:26:44.9456483Z ERROR: test_gateway_operator_chain (unittest.loader._FailedTest.test_gateway_operator_chain)
2026-09-30T19:26:44.9456874Z ----------------------------------------------------------------------
2026-09-30T19:26:44.9457210Z ImportError: Failed to import test module: test_gateway_operator_chain
2026-09-30T19:26:44.9457516Z Traceback (most recent call last):
2026-09-30T19:26:44.9457923Z   File "/opt/hostedtoolcache/Python/3.12.14/x64/lib/python3.12/unittest/loader.py", line 396, in _find_test_path
2026-09-30T19:26:44.9458338Z     module = self._get_module_from_name(name)
2026-09-30T19:26:44.9458579Z              ^^^^^^^^^^^^^^^^^^^^^^^^^^^^^^^^
2026-09-30T19:26:44.9458999Z   File "/opt/hostedtoolcache/Python/3.12.14/x64/lib/python3.12/unittest/loader.py", line 339, in _get_module_from_name
2026-09-30T19:26:44.9459398Z     __import__(name)
2026-09-30T19:26:44.9459759Z   File "/home/runner/work/AccessDoc/AccessDoc/tests/test_gateway_operator_chain.py", line 7, in <module>
2026-09-30T19:26:44.9460166Z     from app import gateway
2026-09-30T19:26:44.9460485Z   File "/home/runner/work/AccessDoc/AccessDoc/app/gateway.py", line 25, in <module>
2026-09-30T19:26:44.9460876Z     from .gateway_transport import PooledSession, CancelledAttempt
2026-09-30T19:26:44.9461323Z   File "/home/runner/work/AccessDoc/AccessDoc/app/gateway_transport.py", line 16, in <module>
2026-09-30T19:26:44.9461668Z     import aiohttp
2026-09-30T19:26:44.9461878Z ModuleNotFoundError: No module named 'aiohttp'
2026-09-30T19:26:44.9462047Z 
2026-09-30T19:26:44.9462051Z 
2026-09-30T19:26:44.9462141Z ======================================================================
2026-09-30T19:26:44.9462507Z ERROR: test_gateway_read_windows (unittest.loader._FailedTest.test_gateway_read_windows)
2026-09-30T19:26:44.9462887Z ----------------------------------------------------------------------
2026-09-30T19:26:44.9463215Z ImportError: Failed to import test module: test_gateway_read_windows
2026-09-30T19:26:44.9463507Z Traceback (most recent call last):
2026-09-30T19:26:44.9463909Z   File "/opt/hostedtoolcache/Python/3.12.14/x64/lib/python3.12/unittest/loader.py", line 396, in _find_test_path
2026-09-30T19:26:44.9464408Z     module = self._get_module_from_name(name)
2026-09-30T19:26:44.9464660Z              ^^^^^^^^^^^^^^^^^^^^^^^^^^^^^^^^
2026-09-30T19:26:44.9465089Z   File "/opt/hostedtoolcache/Python/3.12.14/x64/lib/python3.12/unittest/loader.py", line 339, in _get_module_from_name
2026-09-30T19:26:44.9465492Z     __import__(name)
2026-09-30T19:26:44.9465856Z   File "/home/runner/work/AccessDoc/AccessDoc/tests/test_gateway_read_windows.py", line 17, in <module>
2026-09-30T19:26:44.9466328Z     from app.gateway import CANONICAL_CHAIN, MODEL_READ_TIMEOUTS, ModelGateway
2026-09-30T19:26:44.9466752Z   File "/home/runner/work/AccessDoc/AccessDoc/app/gateway.py", line 25, in <module>
2026-09-30T19:26:44.9467131Z     from .gateway_transport import PooledSession, CancelledAttempt
2026-09-30T19:26:44.9467556Z   File "/home/runner/work/AccessDoc/AccessDoc/app/gateway_transport.py", line 16, in <module>
2026-09-30T19:26:44.9467900Z     import aiohttp
2026-09-30T19:26:44.9468102Z ModuleNotFoundError: No module named 'aiohttp'
2026-09-30T19:26:44.9468265Z 
2026-09-30T19:26:44.9468382Z 
2026-09-30T19:26:44.9468475Z ======================================================================
2026-09-30T19:26:44.9468984Z ERROR: test_gateway_readiness (unittest.loader._FailedTest.test_gateway_readiness)
2026-09-30T19:26:44.9469367Z ----------------------------------------------------------------------
2026-09-30T19:26:44.9469694Z ImportError: Failed to import test module: test_gateway_readiness
2026-09-30T19:26:44.9469990Z Traceback (most recent call last):
2026-09-30T19:26:44.9470404Z   File "/opt/hostedtoolcache/Python/3.12.14/x64/lib/python3.12/unittest/loader.py", line 396, in _find_test_path
2026-09-30T19:26:44.9470809Z     module = self._get_module_from_name(name)
2026-09-30T19:26:44.9471035Z              ^^^^^^^^^^^^^^^^^^^^^^^^^^^^^^^^
2026-09-30T19:26:44.9471458Z   File "/opt/hostedtoolcache/Python/3.12.14/x64/lib/python3.12/unittest/loader.py", line 339, in _get_module_from_name
2026-09-30T19:26:44.9471852Z     __import__(name)
2026-09-30T19:26:44.9472197Z   File "/home/runner/work/AccessDoc/AccessDoc/tests/test_gateway_readiness.py", line 10, in <module>
2026-09-30T19:26:44.9472591Z     from app import remediate
2026-09-30T19:26:44.9472928Z   File "/home/runner/work/AccessDoc/AccessDoc/app/remediate.py", line 10, in <module>
2026-09-30T19:26:44.9473366Z     from .gateway import ModelGateway, GatewayError, CANONICAL_CHAIN, normalize_model
2026-09-30T19:26:44.9473806Z   File "/home/runner/work/AccessDoc/AccessDoc/app/gateway.py", line 25, in <module>
2026-09-30T19:26:44.9474303Z     from .gateway_transport import PooledSession, CancelledAttempt
2026-09-30T19:26:44.9474733Z   File "/home/runner/work/AccessDoc/AccessDoc/app/gateway_transport.py", line 16, in <module>
2026-09-30T19:26:44.9475079Z     import aiohttp
2026-09-30T19:26:44.9475284Z ModuleNotFoundError: No module named 'aiohttp'
2026-09-30T19:26:44.9475451Z 
2026-09-30T19:26:44.9475455Z 
2026-09-30T19:26:44.9475548Z ======================================================================
2026-09-30T19:26:44.9475934Z ERROR: test_gateway_recovery_backoff (unittest.loader._FailedTest.test_gateway_recovery_backoff)
2026-09-30T19:26:44.9476342Z ----------------------------------------------------------------------
2026-09-30T19:26:44.9476684Z ImportError: Failed to import test module: test_gateway_recovery_backoff
2026-09-30T19:26:44.9476985Z Traceback (most recent call last):
2026-09-30T19:26:44.9477394Z   File "/opt/hostedtoolcache/Python/3.12.14/x64/lib/python3.12/unittest/loader.py", line 396, in _find_test_path
2026-09-30T19:26:44.9477816Z     module = self._get_module_from_name(name)
2026-09-30T19:26:44.9478044Z              ^^^^^^^^^^^^^^^^^^^^^^^^^^^^^^^^
2026-09-30T19:26:44.9478455Z   File "/opt/hostedtoolcache/Python/3.12.14/x64/lib/python3.12/unittest/loader.py", line 339, in _get_module_from_name
2026-09-30T19:26:44.9478850Z     __import__(name)
2026-09-30T19:26:44.9479210Z   File "/home/runner/work/AccessDoc/AccessDoc/tests/test_gateway_recovery_backoff.py", line 9, in <module>
2026-09-30T19:26:44.9479677Z     from app.gateway import CircuitBreaker, ModelGateway, CANONICAL_CHAIN
2026-09-30T19:26:44.9480103Z   File "/home/runner/work/AccessDoc/AccessDoc/app/gateway.py", line 25, in <module>
2026-09-30T19:26:44.9480494Z     from .gateway_transport import PooledSession, CancelledAttempt
2026-09-30T19:26:44.9480912Z   File "/home/runner/work/AccessDoc/AccessDoc/app/gateway_transport.py", line 16, in <module>
2026-09-30T19:26:44.9481264Z     import aiohttp
2026-09-30T19:26:44.9481465Z ModuleNotFoundError: No module named 'aiohttp'
2026-09-30T19:26:44.9481631Z 
2026-09-30T19:26:44.9481634Z 
2026-09-30T19:26:44.9481722Z ======================================================================
2026-09-30T19:26:44.9482093Z ERROR: test_gateway_response_bounds (unittest.loader._FailedTest.test_gateway_response_bounds)
2026-09-30T19:26:44.9482483Z ----------------------------------------------------------------------
2026-09-30T19:26:44.9482819Z ImportError: Failed to import test module: test_gateway_response_bounds
2026-09-30T19:26:44.9483115Z Traceback (most recent call last):
2026-09-30T19:26:44.9483645Z   File "/opt/hostedtoolcache/Python/3.12.14/x64/lib/python3.12/unittest/loader.py", line 396, in _find_test_path
2026-09-30T19:26:44.9484246Z     module = self._get_module_from_name(name)
2026-09-30T19:26:44.9484476Z              ^^^^^^^^^^^^^^^^^^^^^^^^^^^^^^^^
2026-09-30T19:26:44.9484904Z   File "/opt/hostedtoolcache/Python/3.12.14/x64/lib/python3.12/unittest/loader.py", line 339, in _get_module_from_name
2026-09-30T19:26:44.9485296Z     __import__(name)
2026-09-30T19:26:44.9485648Z   File "/home/runner/work/AccessDoc/AccessDoc/tests/test_gateway_response_bounds.py", line 5, in <module>
2026-09-30T19:26:44.9486106Z     from app.gateway import ModelGateway, CANONICAL_CHAIN, GatewayError
2026-09-30T19:26:44.9486505Z   File "/home/runner/work/AccessDoc/AccessDoc/app/gateway.py", line 25, in <module>
2026-09-30T19:26:44.9486887Z     from .gateway_transport import PooledSession, CancelledAttempt
2026-09-30T19:26:44.9487308Z   File "/home/runner/work/AccessDoc/AccessDoc/app/gateway_transport.py", line 16, in <module>
2026-09-30T19:26:44.9487650Z     import aiohttp
2026-09-30T19:26:44.9487852Z ModuleNotFoundError: No module named 'aiohttp'
2026-09-30T19:26:44.9488024Z 
2026-09-30T19:26:44.9488028Z 
2026-09-30T19:26:44.9488118Z ======================================================================
2026-09-30T19:26:44.9488512Z ERROR: test_gateway_strict_cancellation (unittest.loader._FailedTest.test_gateway_strict_cancellation)
2026-09-30T19:26:44.9488927Z ----------------------------------------------------------------------
2026-09-30T19:26:44.9489270Z ImportError: Failed to import test module: test_gateway_strict_cancellation
2026-09-30T19:26:44.9489586Z Traceback (most recent call last):
2026-09-30T19:26:44.9489985Z   File "/opt/hostedtoolcache/Python/3.12.14/x64/lib/python3.12/unittest/loader.py", line 396, in _find_test_path
2026-09-30T19:26:44.9490391Z     module = self._get_module_from_name(name)
2026-09-30T19:26:44.9490615Z              ^^^^^^^^^^^^^^^^^^^^^^^^^^^^^^^^
2026-09-30T19:26:44.9491040Z   File "/opt/hostedtoolcache/Python/3.12.14/x64/lib/python3.12/unittest/loader.py", line 339, in _get_module_from_name
2026-09-30T19:26:44.9491436Z     __import__(name)
2026-09-30T19:26:44.9491796Z   File "/home/runner/work/AccessDoc/AccessDoc/tests/test_gateway_strict_cancellation.py", line 9, in <module>
2026-09-30T19:26:44.9492239Z     from app.gateway import ModelGateway, CANONICAL_CHAIN
2026-09-30T19:26:44.9492612Z   File "/home/runner/work/AccessDoc/AccessDoc/app/gateway.py", line 25, in <module>
2026-09-30T19:26:44.9492992Z     from .gateway_transport import PooledSession, CancelledAttempt
2026-09-30T19:26:44.9493420Z   File "/home/runner/work/AccessDoc/AccessDoc/app/gateway_transport.py", line 16, in <module>
2026-09-30T19:26:44.9493762Z     import aiohttp
2026-09-30T19:26:44.9493962Z ModuleNotFoundError: No module named 'aiohttp'
2026-09-30T19:26:44.9494253Z 
2026-09-30T19:26:44.9494256Z 
2026-09-30T19:26:44.9494354Z ======================================================================
2026-09-30T19:26:44.9494684Z ERROR: test_healthz_alias (unittest.loader._FailedTest.test_healthz_alias)
2026-09-30T19:26:44.9495031Z ----------------------------------------------------------------------
2026-09-30T19:26:44.9495340Z ImportError: Failed to import test module: test_healthz_alias
2026-09-30T19:26:44.9495628Z Traceback (most recent call last):
2026-09-30T19:26:44.9496025Z   File "/opt/hostedtoolcache/Python/3.12.14/x64/lib/python3.12/unittest/loader.py", line 396, in _find_test_path
2026-09-30T19:26:44.9496436Z     module = self._get_module_from_name(name)
2026-09-30T19:26:44.9496673Z              ^^^^^^^^^^^^^^^^^^^^^^^^^^^^^^^^
2026-09-30T19:26:44.9497088Z   File "/opt/hostedtoolcache/Python/3.12.14/x64/lib/python3.12/unittest/loader.py", line 339, in _get_module_from_name
2026-09-30T19:26:44.9497485Z     __import__(name)
2026-09-30T19:26:44.9497816Z   File "/home/runner/work/AccessDoc/AccessDoc/tests/test_healthz_alias.py", line 11, in <module>
2026-09-30T19:26:44.9498356Z     from app.main import Handler
2026-09-30T19:26:44.9498679Z   File "/home/runner/work/AccessDoc/AccessDoc/app/main.py", line 20, in <module>
2026-09-30T19:26:44.9499125Z     from . import remediate as remediation
2026-09-30T19:26:44.9499485Z   File "/home/runner/work/AccessDoc/AccessDoc/app/remediate.py", line 10, in <module>
2026-09-30T19:26:44.9499925Z     from .gateway import ModelGateway, GatewayError, CANONICAL_CHAIN, normalize_model
2026-09-30T19:26:44.9500365Z   File "/home/runner/work/AccessDoc/AccessDoc/app/gateway.py", line 25, in <module>
2026-09-30T19:26:44.9500755Z     from .gateway_transport import PooledSession, CancelledAttempt
2026-09-30T19:26:44.9501172Z   File "/home/runner/work/AccessDoc/AccessDoc/app/gateway_transport.py", line 16, in <module>
2026-09-30T19:26:44.9501518Z     import aiohttp
2026-09-30T19:26:44.9501727Z ModuleNotFoundError: No module named 'aiohttp'
2026-09-30T19:26:44.9501890Z 
2026-09-30T19:26:44.9501894Z 
2026-09-30T19:26:44.9501993Z ======================================================================
2026-09-30T19:26:44.9502334Z ERROR: test_hosted_boundary (unittest.loader._FailedTest.test_hosted_boundary)
2026-09-30T19:26:44.9502690Z ----------------------------------------------------------------------
2026-09-30T19:26:44.9503026Z ImportError: Failed to import test module: test_hosted_boundary
2026-09-30T19:26:44.9503311Z Traceback (most recent call last):
2026-09-30T19:26:44.9503706Z   File "/opt/hostedtoolcache/Python/3.12.14/x64/lib/python3.12/unittest/loader.py", line 396, in _find_test_path
2026-09-30T19:26:44.9504204Z     module = self._get_module_from_name(name)
2026-09-30T19:26:44.9504430Z              ^^^^^^^^^^^^^^^^^^^^^^^^^^^^^^^^
2026-09-30T19:26:44.9504845Z   File "/opt/hostedtoolcache/Python/3.12.14/x64/lib/python3.12/unittest/loader.py", line 339, in _get_module_from_name
2026-09-30T19:26:44.9505241Z     __import__(name)
2026-09-30T19:26:44.9505618Z   File "/home/runner/work/AccessDoc/AccessDoc/tests/test_hosted_boundary.py", line 12, in <module>
2026-09-30T19:26:44.9506006Z     from app.main import Handler
2026-09-30T19:26:44.9506319Z   File "/home/runner/work/AccessDoc/AccessDoc/app/main.py", line 20, in <module>
2026-09-30T19:26:44.9506666Z     from . import remediate as remediation
2026-09-30T19:26:44.9507017Z   File "/home/runner/work/AccessDoc/AccessDoc/app/remediate.py", line 10, in <module>
2026-09-30T19:26:44.9507471Z     from .gateway import ModelGateway, GatewayError, CANONICAL_CHAIN, normalize_model
2026-09-30T19:26:44.9507925Z   File "/home/runner/work/AccessDoc/AccessDoc/app/gateway.py", line 25, in <module>
2026-09-30T19:26:44.9508312Z     from .gateway_transport import PooledSession, CancelledAttempt
2026-09-30T19:26:44.9508733Z   File "/home/runner/work/AccessDoc/AccessDoc/app/gateway_transport.py", line 16, in <module>
2026-09-30T19:26:44.9509083Z     import aiohttp
2026-09-30T19:26:44.9509287Z ModuleNotFoundError: No module named 'aiohttp'
2026-09-30T19:26:44.9509455Z 
2026-09-30T19:26:44.9509458Z 
2026-09-30T19:26:44.9509554Z ======================================================================
2026-09-30T19:26:44.9509887Z ERROR: test_hosted_metrics (unittest.loader._FailedTest.test_hosted_metrics)
2026-09-30T19:26:44.9510234Z ----------------------------------------------------------------------
2026-09-30T19:26:44.9510557Z ImportError: Failed to import test module: test_hosted_metrics
2026-09-30T19:26:44.9510838Z Traceback (most recent call last):
2026-09-30T19:26:44.9511237Z   File "/opt/hostedtoolcache/Python/3.12.14/x64/lib/python3.12/unittest/loader.py", line 396, in _find_test_path
2026-09-30T19:26:44.9511643Z     module = self._get_module_from_name(name)
2026-09-30T19:26:44.9511872Z              ^^^^^^^^^^^^^^^^^^^^^^^^^^^^^^^^
2026-09-30T19:26:44.9512292Z   File "/opt/hostedtoolcache/Python/3.12.14/x64/lib/python3.12/unittest/loader.py", line 339, in _get_module_from_name
2026-09-30T19:26:44.9512687Z     __import__(name)
2026-09-30T19:26:44.9513027Z   File "/home/runner/work/AccessDoc/AccessDoc/tests/test_hosted_metrics.py", line 17, in <module>
2026-09-30T19:26:44.9513560Z     from app.main import Handler as threaded_handler
2026-09-30T19:26:44.9514131Z   File "/home/runner/work/AccessDoc/AccessDoc/app/main.py", line 20, in <module>
2026-09-30T19:26:44.9514472Z     from . import remediate as remediation
2026-09-30T19:26:44.9514815Z   File "/home/runner/work/AccessDoc/AccessDoc/app/remediate.py", line 10, in <module>
2026-09-30T19:26:44.9515253Z     from .gateway import ModelGateway, GatewayError, CANONICAL_CHAIN, normalize_model
2026-09-30T19:26:44.9515687Z   File "/home/runner/work/AccessDoc/AccessDoc/app/gateway.py", line 25, in <module>
2026-09-30T19:26:44.9516075Z     from .gateway_transport import PooledSession, CancelledAttempt
2026-09-30T19:26:44.9516503Z   File "/home/runner/work/AccessDoc/AccessDoc/app/gateway_transport.py", line 16, in <module>
2026-09-30T19:26:44.9516850Z     import aiohttp
2026-09-30T19:26:44.9517057Z ModuleNotFoundError: No module named 'aiohttp'
2026-09-30T19:26:44.9517232Z 
2026-09-30T19:26:44.9517241Z 
2026-09-30T19:26:44.9517339Z ======================================================================
2026-09-30T19:26:44.9517654Z ERROR: test_hosted_ui (unittest.loader._FailedTest.test_hosted_ui)
2026-09-30T19:26:44.9517968Z ----------------------------------------------------------------------
2026-09-30T19:26:44.9518275Z ImportError: Failed to import test module: test_hosted_ui
2026-09-30T19:26:44.9518548Z Traceback (most recent call last):
2026-09-30T19:26:44.9518945Z   File "/opt/hostedtoolcache/Python/3.12.14/x64/lib/python3.12/unittest/loader.py", line 396, in _find_test_path
2026-09-30T19:26:44.9519355Z     module = self._get_module_from_name(name)
2026-09-30T19:26:44.9519587Z              ^^^^^^^^^^^^^^^^^^^^^^^^^^^^^^^^
2026-09-30T19:26:44.9519999Z   File "/opt/hostedtoolcache/Python/3.12.14/x64/lib/python3.12/unittest/loader.py", line 339, in _get_module_from_name
2026-09-30T19:26:44.9520395Z     __import__(name)
2026-09-30T19:26:44.9520715Z   File "/home/runner/work/AccessDoc/AccessDoc/tests/test_hosted_ui.py", line 15, in <module>
2026-09-30T19:26:44.9521087Z     from app.main import Handler, Server
2026-09-30T19:26:44.9521419Z   File "/home/runner/work/AccessDoc/AccessDoc/app/main.py", line 20, in <module>
2026-09-30T19:26:44.9521745Z     from . import remediate as remediation
2026-09-30T19:26:44.9522091Z   File "/home/runner/work/AccessDoc/AccessDoc/app/remediate.py", line 10, in <module>
2026-09-30T19:26:44.9522520Z     from .gateway import ModelGateway, GatewayError, CANONICAL_CHAIN, normalize_model
2026-09-30T19:26:44.9522951Z   File "/home/runner/work/AccessDoc/AccessDoc/app/gateway.py", line 25, in <module>
2026-09-30T19:26:44.9523339Z     from .gateway_transport import PooledSession, CancelledAttempt
2026-09-30T19:26:44.9523754Z   File "/home/runner/work/AccessDoc/AccessDoc/app/gateway_transport.py", line 16, in <module>
2026-09-30T19:26:44.9524198Z     import aiohttp
2026-09-30T19:26:44.9524404Z ModuleNotFoundError: No module named 'aiohttp'
2026-09-30T19:26:44.9524564Z 
2026-09-30T19:26:44.9524572Z 
2026-09-30T19:26:44.9524670Z ======================================================================
2026-09-30T19:26:44.9525022Z ERROR: test_hosted_ui_revision (unittest.loader._FailedTest.test_hosted_ui_revision)
2026-09-30T19:26:44.9525386Z ----------------------------------------------------------------------
2026-09-30T19:26:44.9525719Z ImportError: Failed to import test module: test_hosted_ui_revision
2026-09-30T19:26:44.9526007Z Traceback (most recent call last):
2026-09-30T19:26:44.9526401Z   File "/opt/hostedtoolcache/Python/3.12.14/x64/lib/python3.12/unittest/loader.py", line 396, in _find_test_path
2026-09-30T19:26:44.9526812Z     module = self._get_module_from_name(name)
2026-09-30T19:26:44.9527039Z              ^^^^^^^^^^^^^^^^^^^^^^^^^^^^^^^^
2026-09-30T19:26:44.9527449Z   File "/opt/hostedtoolcache/Python/3.12.14/x64/lib/python3.12/unittest/loader.py", line 339, in _get_module_from_name
2026-09-30T19:26:44.9527851Z     __import__(name)
2026-09-30T19:26:44.9528199Z   File "/home/runner/work/AccessDoc/AccessDoc/tests/test_hosted_ui_revision.py", line 21, in <module>
2026-09-30T19:26:44.9528712Z     from app.main import Handler, Server
2026-09-30T19:26:44.9529136Z   File "/home/runner/work/AccessDoc/AccessDoc/app/main.py", line 20, in <module>
2026-09-30T19:26:44.9529474Z     from . import remediate as remediation
2026-09-30T19:26:44.9529820Z   File "/home/runner/work/AccessDoc/AccessDoc/app/remediate.py", line 10, in <module>
2026-09-30T19:26:44.9530246Z     from .gateway import ModelGateway, GatewayError, CANONICAL_CHAIN, normalize_model
2026-09-30T19:26:44.9530684Z   File "/home/runner/work/AccessDoc/AccessDoc/app/gateway.py", line 25, in <module>
2026-09-30T19:26:44.9531069Z     from .gateway_transport import PooledSession, CancelledAttempt
2026-09-30T19:26:44.9531486Z   File "/home/runner/work/AccessDoc/AccessDoc/app/gateway_transport.py", line 16, in <module>
2026-09-30T19:26:44.9531835Z     import aiohttp
2026-09-30T19:26:44.9532038Z ModuleNotFoundError: No module named 'aiohttp'
2026-09-30T19:26:44.9532213Z 
2026-09-30T19:26:44.9532216Z 
2026-09-30T19:26:44.9532305Z ======================================================================
2026-09-30T19:26:44.9532909Z ERROR: test_both_adapters_bound_slow_uploads_and_release_capacity (test_http_body_deadlines.HTTPBodyDeadlineTests.test_both_adapters_bound_slow_uploads_and_release_capacity)
2026-09-30T19:26:44.9533511Z ----------------------------------------------------------------------
2026-09-30T19:26:44.9533778Z Traceback (most recent call last):
2026-09-30T19:26:44.9534374Z   File "/home/runner/work/AccessDoc/AccessDoc/tests/test_http_body_deadlines.py", line 92, in test_both_adapters_bound_slow_uploads_and_release_capacity
2026-09-30T19:26:44.9534882Z     import app.main as local
2026-09-30T19:26:44.9535194Z   File "/home/runner/work/AccessDoc/AccessDoc/app/main.py", line 20, in <module>
2026-09-30T19:26:44.9535518Z     from . import remediate as remediation
2026-09-30T19:26:44.9535865Z   File "/home/runner/work/AccessDoc/AccessDoc/app/remediate.py", line 10, in <module>
2026-09-30T19:26:44.9536299Z     from .gateway import ModelGateway, GatewayError, CANONICAL_CHAIN, normalize_model
2026-09-30T19:26:44.9536733Z   File "/home/runner/work/AccessDoc/AccessDoc/app/gateway.py", line 25, in <module>
2026-09-30T19:26:44.9537119Z     from .gateway_transport import PooledSession, CancelledAttempt
2026-09-30T19:26:44.9537534Z   File "/home/runner/work/AccessDoc/AccessDoc/app/gateway_transport.py", line 16, in <module>
2026-09-30T19:26:44.9537875Z     import aiohttp
2026-09-30T19:26:44.9538082Z ModuleNotFoundError: No module named 'aiohttp'
2026-09-30T19:26:44.9538244Z 
2026-09-30T19:26:44.9538342Z ======================================================================
2026-09-30T19:26:44.9538848Z ERROR: test_oversized_body_drain_shares_deadline (test_http_body_deadlines.HTTPBodyDeadlineTests.test_oversized_body_drain_shares_deadline)
2026-09-30T19:26:44.9539368Z ----------------------------------------------------------------------
2026-09-30T19:26:44.9539651Z Traceback (most recent call last):
2026-09-30T19:26:44.9540119Z   File "/home/runner/work/AccessDoc/AccessDoc/tests/test_http_body_deadlines.py", line 99, in test_oversized_body_drain_shares_deadline
2026-09-30T19:26:44.9540576Z     import app.main as local
2026-09-30T19:26:44.9540891Z   File "/home/runner/work/AccessDoc/AccessDoc/app/main.py", line 20, in <module>
2026-09-30T19:26:44.9541215Z     from . import remediate as remediation
2026-09-30T19:26:44.9541553Z   File "/home/runner/work/AccessDoc/AccessDoc/app/remediate.py", line 10, in <module>
2026-09-30T19:26:44.9541992Z     from .gateway import ModelGateway, GatewayError, CANONICAL_CHAIN, normalize_model
2026-09-30T19:26:44.9542420Z   File "/home/runner/work/AccessDoc/AccessDoc/app/gateway.py", line 25, in <module>
2026-09-30T19:26:44.9542799Z     from .gateway_transport import PooledSession, CancelledAttempt
2026-09-30T19:26:44.9543230Z   File "/home/runner/work/AccessDoc/AccessDoc/app/gateway_transport.py", line 16, in <module>
2026-09-30T19:26:44.9543702Z     import aiohttp
2026-09-30T19:26:44.9543904Z ModuleNotFoundError: No module named 'aiohttp'
2026-09-30T19:26:44.9544156Z 
2026-09-30T19:26:44.9544339Z ======================================================================
2026-09-30T19:26:44.9544734Z ERROR: test_idle_keepalive_telemetry (unittest.loader._FailedTest.test_idle_keepalive_telemetry)
2026-09-30T19:26:44.9545136Z ----------------------------------------------------------------------
2026-09-30T19:26:44.9545473Z ImportError: Failed to import test module: test_idle_keepalive_telemetry
2026-09-30T19:26:44.9545783Z Traceback (most recent call last):
2026-09-30T19:26:44.9546184Z   File "/opt/hostedtoolcache/Python/3.12.14/x64/lib/python3.12/unittest/loader.py", line 396, in _find_test_path
2026-09-30T19:26:44.9546588Z     module = self._get_module_from_name(name)
2026-09-30T19:26:44.9546817Z              ^^^^^^^^^^^^^^^^^^^^^^^^^^^^^^^^
2026-09-30T19:26:44.9547229Z   File "/opt/hostedtoolcache/Python/3.12.14/x64/lib/python3.12/unittest/loader.py", line 339, in _get_module_from_name
2026-09-30T19:26:44.9547639Z     __import__(name)
2026-09-30T19:26:44.9548005Z   File "/home/runner/work/AccessDoc/AccessDoc/tests/test_idle_keepalive_telemetry.py", line 9, in <module>
2026-09-30T19:26:44.9548396Z     from app import main
2026-09-30T19:26:44.9548692Z   File "/home/runner/work/AccessDoc/AccessDoc/app/main.py", line 20, in <module>
2026-09-30T19:26:44.9549011Z     from . import remediate as remediation
2026-09-30T19:26:44.9549360Z   File "/home/runner/work/AccessDoc/AccessDoc/app/remediate.py", line 10, in <module>
2026-09-30T19:26:44.9549790Z     from .gateway import ModelGateway, GatewayError, CANONICAL_CHAIN, normalize_model
2026-09-30T19:26:44.9550231Z   File "/home/runner/work/AccessDoc/AccessDoc/app/gateway.py", line 25, in <module>
2026-09-30T19:26:44.9550622Z     from .gateway_transport import PooledSession, CancelledAttempt
2026-09-30T19:26:44.9551041Z   File "/home/runner/work/AccessDoc/AccessDoc/app/gateway_transport.py", line 16, in <module>
2026-09-30T19:26:44.9551388Z     import aiohttp
2026-09-30T19:26:44.9551591Z ModuleNotFoundError: No module named 'aiohttp'
2026-09-30T19:26:44.9551758Z 
2026-09-30T19:26:44.9551766Z 
2026-09-30T19:26:44.9551859Z ======================================================================
2026-09-30T19:26:44.9552183Z ERROR: test_k3_read_window (unittest.loader._FailedTest.test_k3_read_window)
2026-09-30T19:26:44.9552526Z ----------------------------------------------------------------------
2026-09-30T19:26:44.9552846Z ImportError: Failed to import test module: test_k3_read_window
2026-09-30T19:26:44.9553125Z Traceback (most recent call last):
2026-09-30T19:26:44.9553526Z   File "/opt/hostedtoolcache/Python/3.12.14/x64/lib/python3.12/unittest/loader.py", line 396, in _find_test_path
2026-09-30T19:26:44.9553929Z     module = self._get_module_from_name(name)
2026-09-30T19:26:44.9554259Z              ^^^^^^^^^^^^^^^^^^^^^^^^^^^^^^^^
2026-09-30T19:26:44.9554672Z   File "/opt/hostedtoolcache/Python/3.12.14/x64/lib/python3.12/unittest/loader.py", line 339, in _get_module_from_name
2026-09-30T19:26:44.9555076Z     __import__(name)
2026-09-30T19:26:44.9555423Z   File "/home/runner/work/AccessDoc/AccessDoc/tests/test_k3_read_window.py", line 5, in <module>
2026-09-30T19:26:44.9555789Z     from app import gateway
2026-09-30T19:26:44.9556099Z   File "/home/runner/work/AccessDoc/AccessDoc/app/gateway.py", line 25, in <module>
2026-09-30T19:26:44.9556499Z     from .gateway_transport import PooledSession, CancelledAttempt
2026-09-30T19:26:44.9556933Z   File "/home/runner/work/AccessDoc/AccessDoc/app/gateway_transport.py", line 16, in <module>
2026-09-30T19:26:44.9557286Z     import aiohttp
2026-09-30T19:26:44.9557499Z ModuleNotFoundError: No module named 'aiohttp'
2026-09-30T19:26:44.9557675Z 
2026-09-30T19:26:44.9557679Z 
2026-09-30T19:26:44.9557785Z ======================================================================
2026-09-30T19:26:44.9558194Z ERROR: test_launch_boundary_regressions (unittest.loader._FailedTest.test_launch_boundary_regressions)
2026-09-30T19:26:44.9558740Z ----------------------------------------------------------------------
2026-09-30T19:26:44.9559196Z ImportError: Failed to import test module: test_launch_boundary_regressions
2026-09-30T19:26:44.9559525Z Traceback (most recent call last):
2026-09-30T19:26:44.9559931Z   File "/opt/hostedtoolcache/Python/3.12.14/x64/lib/python3.12/unittest/loader.py", line 396, in _find_test_path
2026-09-30T19:26:44.9560353Z     module = self._get_module_from_name(name)
2026-09-30T19:26:44.9560583Z              ^^^^^^^^^^^^^^^^^^^^^^^^^^^^^^^^
2026-09-30T19:26:44.9560994Z   File "/opt/hostedtoolcache/Python/3.12.14/x64/lib/python3.12/unittest/loader.py", line 339, in _get_module_from_name
2026-09-30T19:26:44.9561393Z     __import__(name)
2026-09-30T19:26:44.9561775Z   File "/home/runner/work/AccessDoc/AccessDoc/tests/test_launch_boundary_regressions.py", line 4, in <module>
2026-09-30T19:26:44.9562184Z     from app.gateway import CircuitBreaker
2026-09-30T19:26:44.9562534Z   File "/home/runner/work/AccessDoc/AccessDoc/app/gateway.py", line 25, in <module>
2026-09-30T19:26:44.9562925Z     from .gateway_transport import PooledSession, CancelledAttempt
2026-09-30T19:26:44.9563351Z   File "/home/runner/work/AccessDoc/AccessDoc/app/gateway_transport.py", line 16, in <module>
2026-09-30T19:26:44.9563693Z     import aiohttp
2026-09-30T19:26:44.9563904Z ModuleNotFoundError: No module named 'aiohttp'
2026-09-30T19:26:44.9564175Z 
2026-09-30T19:26:44.9564179Z 
2026-09-30T19:26:44.9564280Z ======================================================================
2026-09-30T19:26:44.9564623Z ERROR: test_launch_hardening (unittest.loader._FailedTest.test_launch_hardening)
2026-09-30T19:26:44.9564978Z ----------------------------------------------------------------------
2026-09-30T19:26:44.9565309Z ImportError: Failed to import test module: test_launch_hardening
2026-09-30T19:26:44.9565597Z Traceback (most recent call last):
2026-09-30T19:26:44.9565989Z   File "/opt/hostedtoolcache/Python/3.12.14/x64/lib/python3.12/unittest/loader.py", line 396, in _find_test_path
2026-09-30T19:26:44.9566402Z     module = self._get_module_from_name(name)
2026-09-30T19:26:44.9566635Z              ^^^^^^^^^^^^^^^^^^^^^^^^^^^^^^^^
2026-09-30T19:26:44.9567047Z   File "/opt/hostedtoolcache/Python/3.12.14/x64/lib/python3.12/unittest/loader.py", line 339, in _get_module_from_name
2026-09-30T19:26:44.9567451Z     __import__(name)
2026-09-30T19:26:44.9567793Z   File "/home/runner/work/AccessDoc/AccessDoc/tests/test_launch_hardening.py", line 17, in <module>
2026-09-30T19:26:44.9568175Z     from app.gateway import ModelGateway
2026-09-30T19:26:44.9568510Z   File "/home/runner/work/AccessDoc/AccessDoc/app/gateway.py", line 25, in <module>
2026-09-30T19:26:44.9568900Z     from .gateway_transport import PooledSession, CancelledAttempt
2026-09-30T19:26:44.9569333Z   File "/home/runner/work/AccessDoc/AccessDoc/app/gateway_transport.py", line 16, in <module>
2026-09-30T19:26:44.9569673Z     import aiohttp
2026-09-30T19:26:44.9569886Z ModuleNotFoundError: No module named 'aiohttp'
2026-09-30T19:26:44.9570046Z 
2026-09-30T19:26:44.9570050Z 
2026-09-30T19:26:44.9570151Z ======================================================================
2026-09-30T19:26:44.9570640Z ERROR: test_both_adapters_reject_then_recover (test_manual_csv_boundary.ManualCSVBoundaryTests.test_both_adapters_reject_then_recover)
2026-09-30T19:26:44.9571152Z ----------------------------------------------------------------------
2026-09-30T19:26:44.9571419Z Traceback (most recent call last):
2026-09-30T19:26:44.9571887Z   File "/home/runner/work/AccessDoc/AccessDoc/tests/test_manual_csv_boundary.py", line 39, in test_both_adapters_reject_then_recover
2026-09-30T19:26:44.9572370Z     from app.main import Handler, Server
2026-09-30T19:26:44.9572710Z   File "/home/runner/work/AccessDoc/AccessDoc/app/main.py", line 20, in <module>
2026-09-30T19:26:44.9573041Z     from . import remediate as remediation
2026-09-30T19:26:44.9573391Z   File "/home/runner/work/AccessDoc/AccessDoc/app/remediate.py", line 10, in <module>
2026-09-30T19:26:44.9573974Z     from .gateway import ModelGateway, GatewayError, CANONICAL_CHAIN, normalize_model
2026-09-30T19:26:44.9574620Z   File "/home/runner/work/AccessDoc/AccessDoc/app/gateway.py", line 25, in <module>
2026-09-30T19:26:44.9575017Z     from .gateway_transport import PooledSession, CancelledAttempt
2026-09-30T19:26:44.9575464Z   File "/home/runner/work/AccessDoc/AccessDoc/app/gateway_transport.py", line 16, in <module>
2026-09-30T19:26:44.9575834Z     import aiohttp
2026-09-30T19:26:44.9576041Z ModuleNotFoundError: No module named 'aiohttp'
2026-09-30T19:26:44.9576212Z 
2026-09-30T19:26:44.9576311Z ======================================================================
2026-09-30T19:26:44.9576900Z ERROR: test_both_adapters_never_echo_raw_validation_exception (test_manual_nodes_boundary.ManualNodesBoundaryTests.test_both_adapters_never_echo_raw_validation_exception)
2026-09-30T19:26:44.9577502Z ----------------------------------------------------------------------
2026-09-30T19:26:44.9577776Z Traceback (most recent call last):
2026-09-30T19:26:44.9578295Z   File "/home/runner/work/AccessDoc/AccessDoc/tests/test_manual_nodes_boundary.py", line 39, in test_both_adapters_never_echo_raw_validation_exception
2026-09-30T19:26:44.9578795Z     from app.main import Handler, Server
2026-09-30T19:26:44.9579125Z   File "/home/runner/work/AccessDoc/AccessDoc/app/main.py", line 20, in <module>
2026-09-30T19:26:44.9579469Z     from . import remediate as remediation
2026-09-30T19:26:44.9579811Z   File "/home/runner/work/AccessDoc/AccessDoc/app/remediate.py", line 10, in <module>
2026-09-30T19:26:44.9580237Z     from .gateway import ModelGateway, GatewayError, CANONICAL_CHAIN, normalize_model
2026-09-30T19:26:44.9580680Z   File "/home/runner/work/AccessDoc/AccessDoc/app/gateway.py", line 25, in <module>
2026-09-30T19:26:44.9581064Z     from .gateway_transport import PooledSession, CancelledAttempt
2026-09-30T19:26:44.9581485Z   File "/home/runner/work/AccessDoc/AccessDoc/app/gateway_transport.py", line 16, in <module>
2026-09-30T19:26:44.9581840Z     import aiohttp
2026-09-30T19:26:44.9582041Z ModuleNotFoundError: No module named 'aiohttp'
2026-09-30T19:26:44.9582214Z 
2026-09-30T19:26:44.9582304Z ======================================================================
2026-09-30T19:26:44.9582871Z ERROR: test_both_adapters_reject_wide_tables_before_renderer (test_manual_streaming_bounds.ManualStreamingTests.test_both_adapters_reject_wide_tables_before_renderer)
2026-09-30T19:26:44.9583458Z ----------------------------------------------------------------------
2026-09-30T19:26:44.9583724Z Traceback (most recent call last):
2026-09-30T19:26:44.9584315Z   File "/home/runner/work/AccessDoc/AccessDoc/tests/test_manual_streaming_bounds.py", line 92, in test_both_adapters_reject_wide_tables_before_renderer
2026-09-30T19:26:44.9584822Z     from app.main import Handler, Server
2026-09-30T19:26:44.9585151Z   File "/home/runner/work/AccessDoc/AccessDoc/app/main.py", line 20, in <module>
2026-09-30T19:26:44.9585483Z     from . import remediate as remediation
2026-09-30T19:26:44.9585836Z   File "/home/runner/work/AccessDoc/AccessDoc/app/remediate.py", line 10, in <module>
2026-09-30T19:26:44.9586267Z     from .gateway import ModelGateway, GatewayError, CANONICAL_CHAIN, normalize_model
2026-09-30T19:26:44.9586703Z   File "/home/runner/work/AccessDoc/AccessDoc/app/gateway.py", line 25, in <module>
2026-09-30T19:26:44.9587084Z     from .gateway_transport import PooledSession, CancelledAttempt
2026-09-30T19:26:44.9587507Z   File "/home/runner/work/AccessDoc/AccessDoc/app/gateway_transport.py", line 16, in <module>
2026-09-30T19:26:44.9587852Z     import aiohttp
2026-09-30T19:26:44.9588054Z ModuleNotFoundError: No module named 'aiohttp'
2026-09-30T19:26:44.9588237Z 
2026-09-30T19:26:44.9588336Z ======================================================================
2026-09-30T19:26:44.9588677Z ERROR: test_narrow_viewport (unittest.loader._FailedTest.test_narrow_viewport)
2026-09-30T19:26:44.9589159Z ----------------------------------------------------------------------
2026-09-30T19:26:44.9589489Z ImportError: Failed to import test module: test_narrow_viewport
2026-09-30T19:26:44.9589938Z Traceback (most recent call last):
2026-09-30T19:26:44.9590353Z   File "/opt/hostedtoolcache/Python/3.12.14/x64/lib/python3.12/unittest/loader.py", line 396, in _find_test_path
2026-09-30T19:26:44.9590768Z     module = self._get_module_from_name(name)
2026-09-30T19:26:44.9591006Z              ^^^^^^^^^^^^^^^^^^^^^^^^^^^^^^^^
2026-09-30T19:26:44.9591429Z   File "/opt/hostedtoolcache/Python/3.12.14/x64/lib/python3.12/unittest/loader.py", line 339, in _get_module_from_name
2026-09-30T19:26:44.9591829Z     __import__(name)
2026-09-30T19:26:44.9592184Z   File "/home/runner/work/AccessDoc/AccessDoc/tests/test_narrow_viewport.py", line 14, in <module>
2026-09-30T19:26:44.9592564Z     from app.main import Server, Handler
2026-09-30T19:26:44.9592913Z   File "/home/runner/work/AccessDoc/AccessDoc/app/main.py", line 20, in <module>
2026-09-30T19:26:44.9593246Z     from . import remediate as remediation
2026-09-30T19:26:44.9593591Z   File "/home/runner/work/AccessDoc/AccessDoc/app/remediate.py", line 10, in <module>
2026-09-30T19:26:44.9594118Z     from .gateway import ModelGateway, GatewayError, CANONICAL_CHAIN, normalize_model
2026-09-30T19:26:44.9594572Z   File "/home/runner/work/AccessDoc/AccessDoc/app/gateway.py", line 25, in <module>
2026-09-30T19:26:44.9594962Z     from .gateway_transport import PooledSession, CancelledAttempt
2026-09-30T19:26:44.9595384Z   File "/home/runner/work/AccessDoc/AccessDoc/app/gateway_transport.py", line 16, in <module>
2026-09-30T19:26:44.9595735Z     import aiohttp
2026-09-30T19:26:44.9595935Z ModuleNotFoundError: No module named 'aiohttp'
2026-09-30T19:26:44.9596097Z 
2026-09-30T19:26:44.9596101Z 
2026-09-30T19:26:44.9596200Z ======================================================================
2026-09-30T19:26:44.9596620Z ERROR: test_operational_readiness_privacy (unittest.loader._FailedTest.test_operational_readiness_privacy)
2026-09-30T19:26:44.9597067Z ----------------------------------------------------------------------
2026-09-30T19:26:44.9597430Z ImportError: Failed to import test module: test_operational_readiness_privacy
2026-09-30T19:26:44.9597755Z Traceback (most recent call last):
2026-09-30T19:26:44.9598159Z   File "/opt/hostedtoolcache/Python/3.12.14/x64/lib/python3.12/unittest/loader.py", line 396, in _find_test_path
2026-09-30T19:26:44.9598571Z     module = self._get_module_from_name(name)
2026-09-30T19:26:44.9598798Z              ^^^^^^^^^^^^^^^^^^^^^^^^^^^^^^^^
2026-09-30T19:26:44.9599622Z   File "/opt/hostedtoolcache/Python/3.12.14/x64/lib/python3.12/unittest/loader.py", line 339, in _get_module_from_name
2026-09-30T19:26:44.9600131Z     __import__(name)
2026-09-30T19:26:44.9600680Z   File "/home/runner/work/AccessDoc/AccessDoc/tests/test_operational_readiness_privacy.py", line 11, in <module>
2026-09-30T19:26:44.9601216Z     from app import remediate
2026-09-30T19:26:44.9601683Z   File "/home/runner/work/AccessDoc/AccessDoc/app/remediate.py", line 10, in <module>
2026-09-30T19:26:44.9602313Z     from .gateway import ModelGateway, GatewayError, CANONICAL_CHAIN, normalize_model
2026-09-30T19:26:44.9602879Z   File "/home/runner/work/AccessDoc/AccessDoc/app/gateway.py", line 25, in <module>
2026-09-30T19:26:44.9603390Z     from .gateway_transport import PooledSession, CancelledAttempt
2026-09-30T19:26:44.9616539Z   File "/home/runner/work/AccessDoc/AccessDoc/app/gateway_transport.py", line 16, in <module>
2026-09-30T19:26:44.9616986Z     import aiohttp
2026-09-30T19:26:44.9617209Z ModuleNotFoundError: No module named 'aiohttp'
2026-09-30T19:26:44.9617396Z 
2026-09-30T19:26:44.9617400Z 
2026-09-30T19:26:44.9617507Z ======================================================================
2026-09-30T19:26:44.9618046Z ERROR: test_http_server_span_exported_with_inbound_parent (test_otlp_export.OTLPExportTests.test_http_server_span_exported_with_inbound_parent)
2026-09-30T19:26:44.9618790Z ----------------------------------------------------------------------
2026-09-30T19:26:44.9619074Z Traceback (most recent call last):
2026-09-30T19:26:44.9619690Z   File "/home/runner/work/AccessDoc/AccessDoc/tests/test_otlp_export.py", line 148, in test_http_server_span_exported_with_inbound_parent
2026-09-30T19:26:44.9620186Z     from app.main import Handler, Server
2026-09-30T19:26:44.9620543Z   File "/home/runner/work/AccessDoc/AccessDoc/app/main.py", line 20, in <module>
2026-09-30T19:26:44.9620877Z     from . import remediate as remediation
2026-09-30T19:26:44.9621232Z   File "/home/runner/work/AccessDoc/AccessDoc/app/remediate.py", line 10, in <module>
2026-09-30T19:26:44.9621672Z     from .gateway import ModelGateway, GatewayError, CANONICAL_CHAIN, normalize_model
2026-09-30T19:26:44.9622110Z   File "/home/runner/work/AccessDoc/AccessDoc/app/gateway.py", line 25, in <module>
2026-09-30T19:26:44.9622502Z     from .gateway_transport import PooledSession, CancelledAttempt
2026-09-30T19:26:44.9622952Z   File "/home/runner/work/AccessDoc/AccessDoc/app/gateway_transport.py", line 16, in <module>
2026-09-30T19:26:44.9623316Z     import aiohttp
2026-09-30T19:26:44.9623531Z ModuleNotFoundError: No module named 'aiohttp'
2026-09-30T19:26:44.9623708Z 
2026-09-30T19:26:44.9623813Z ======================================================================
2026-09-30T19:26:44.9624251Z ERROR: setUpClass (test_process_telemetry.ThreadedHealthProcessTests)
2026-09-30T19:26:44.9624604Z ----------------------------------------------------------------------
2026-09-30T19:26:44.9624880Z Traceback (most recent call last):
2026-09-30T19:26:44.9625285Z   File "/home/runner/work/AccessDoc/AccessDoc/tests/test_process_telemetry.py", line 59, in setUpClass
2026-09-30T19:26:44.9625685Z     from app.main import Server, Handler
2026-09-30T19:26:44.9626020Z   File "/home/runner/work/AccessDoc/AccessDoc/app/main.py", line 20, in <module>
2026-09-30T19:26:44.9626363Z     from . import remediate as remediation
2026-09-30T19:26:44.9626720Z   File "/home/runner/work/AccessDoc/AccessDoc/app/remediate.py", line 10, in <module>
2026-09-30T19:26:44.9627174Z     from .gateway import ModelGateway, GatewayError, CANONICAL_CHAIN, normalize_model
2026-09-30T19:26:44.9627632Z   File "/home/runner/work/AccessDoc/AccessDoc/app/gateway.py", line 25, in <module>
2026-09-30T19:26:44.9628035Z     from .gateway_transport import PooledSession, CancelledAttempt
2026-09-30T19:26:44.9628463Z   File "/home/runner/work/AccessDoc/AccessDoc/app/gateway_transport.py", line 16, in <module>
2026-09-30T19:26:44.9628817Z     import aiohttp
2026-09-30T19:26:44.9629023Z ModuleNotFoundError: No module named 'aiohttp'
2026-09-30T19:26:44.9629198Z 
2026-09-30T19:26:44.9629290Z ======================================================================
2026-09-30T19:26:44.9629657Z ERROR: test_rate_limit_retry_after (unittest.loader._FailedTest.test_rate_limit_retry_after)
2026-09-30T19:26:44.9630044Z ----------------------------------------------------------------------
2026-09-30T19:26:44.9630385Z ImportError: Failed to import test module: test_rate_limit_retry_after
2026-09-30T19:26:44.9630674Z Traceback (most recent call last):
2026-09-30T19:26:44.9631092Z   File "/opt/hostedtoolcache/Python/3.12.14/x64/lib/python3.12/unittest/loader.py", line 396, in _find_test_path
2026-09-30T19:26:44.9631506Z     module = self._get_module_from_name(name)
2026-09-30T19:26:44.9631737Z              ^^^^^^^^^^^^^^^^^^^^^^^^^^^^^^^^
2026-09-30T19:26:44.9632163Z   File "/opt/hostedtoolcache/Python/3.12.14/x64/lib/python3.12/unittest/loader.py", line 339, in _get_module_from_name
2026-09-30T19:26:44.9632581Z     __import__(name)
2026-09-30T19:26:44.9632944Z   File "/home/runner/work/AccessDoc/AccessDoc/tests/test_rate_limit_retry_after.py", line 17, in <module>
2026-09-30T19:26:44.9633339Z     from app import main as app_main
2026-09-30T19:26:44.9633678Z   File "/home/runner/work/AccessDoc/AccessDoc/app/main.py", line 20, in <module>
2026-09-30T19:26:44.9634014Z     from . import remediate as remediation
2026-09-30T19:26:44.9634621Z   File "/home/runner/work/AccessDoc/AccessDoc/app/remediate.py", line 10, in <module>
2026-09-30T19:26:44.9635165Z     from .gateway import ModelGateway, GatewayError, CANONICAL_CHAIN, normalize_model
2026-09-30T19:26:44.9635619Z   File "/home/runner/work/AccessDoc/AccessDoc/app/gateway.py", line 25, in <module>
2026-09-30T19:26:44.9636014Z     from .gateway_transport import PooledSession, CancelledAttempt
2026-09-30T19:26:44.9636455Z   File "/home/runner/work/AccessDoc/AccessDoc/app/gateway_transport.py", line 16, in <module>
2026-09-30T19:26:44.9636805Z     import aiohttp
2026-09-30T19:26:44.9637008Z ModuleNotFoundError: No module named 'aiohttp'
2026-09-30T19:26:44.9637174Z 
2026-09-30T19:26:44.9637178Z 
2026-09-30T19:26:44.9637276Z ======================================================================
2026-09-30T19:26:44.9637625Z ERROR: test_remediate_endpoint (unittest.loader._FailedTest.test_remediate_endpoint)
2026-09-30T19:26:44.9637992Z ----------------------------------------------------------------------
2026-09-30T19:26:44.9638326Z ImportError: Failed to import test module: test_remediate_endpoint
2026-09-30T19:26:44.9638626Z Traceback (most recent call last):
2026-09-30T19:26:44.9639028Z   File "/opt/hostedtoolcache/Python/3.12.14/x64/lib/python3.12/unittest/loader.py", line 396, in _find_test_path
2026-09-30T19:26:44.9639447Z     module = self._get_module_from_name(name)
2026-09-30T19:26:44.9639674Z              ^^^^^^^^^^^^^^^^^^^^^^^^^^^^^^^^
2026-09-30T19:26:44.9640093Z   File "/opt/hostedtoolcache/Python/3.12.14/x64/lib/python3.12/unittest/loader.py", line 339, in _get_module_from_name
2026-09-30T19:26:44.9640504Z     __import__(name)
2026-09-30T19:26:44.9640862Z   File "/home/runner/work/AccessDoc/AccessDoc/tests/test_remediate_endpoint.py", line 10, in <module>
2026-09-30T19:26:44.9641257Z     from app.main import Handler
2026-09-30T19:26:44.9641575Z   File "/home/runner/work/AccessDoc/AccessDoc/app/main.py", line 20, in <module>
2026-09-30T19:26:44.9641907Z     from . import remediate as remediation
2026-09-30T19:26:44.9642258Z   File "/home/runner/work/AccessDoc/AccessDoc/app/remediate.py", line 10, in <module>
2026-09-30T19:26:44.9642692Z     from .gateway import ModelGateway, GatewayError, CANONICAL_CHAIN, normalize_model
2026-09-30T19:26:44.9643137Z   File "/home/runner/work/AccessDoc/AccessDoc/app/gateway.py", line 25, in <module>
2026-09-30T19:26:44.9643537Z     from .gateway_transport import PooledSession, CancelledAttempt
2026-09-30T19:26:44.9643963Z   File "/home/runner/work/AccessDoc/AccessDoc/app/gateway_transport.py", line 16, in <module>
2026-09-30T19:26:44.9644533Z     import aiohttp
2026-09-30T19:26:44.9644744Z ModuleNotFoundError: No module named 'aiohttp'
2026-09-30T19:26:44.9644912Z 
2026-09-30T19:26:44.9644916Z 
2026-09-30T19:26:44.9645013Z ======================================================================
2026-09-30T19:26:44.9645412Z ERROR: test_remediation_adapter_parity (unittest.loader._FailedTest.test_remediation_adapter_parity)
2026-09-30T19:26:44.9645840Z ----------------------------------------------------------------------
2026-09-30T19:26:44.9646195Z ImportError: Failed to import test module: test_remediation_adapter_parity
2026-09-30T19:26:44.9646506Z Traceback (most recent call last):
2026-09-30T19:26:44.9646926Z   File "/opt/hostedtoolcache/Python/3.12.14/x64/lib/python3.12/unittest/loader.py", line 396, in _find_test_path
2026-09-30T19:26:44.9647360Z     module = self._get_module_from_name(name)
2026-09-30T19:26:44.9647590Z              ^^^^^^^^^^^^^^^^^^^^^^^^^^^^^^^^
2026-09-30T19:26:44.9648005Z   File "/opt/hostedtoolcache/Python/3.12.14/x64/lib/python3.12/unittest/loader.py", line 339, in _get_module_from_name
2026-09-30T19:26:44.9648418Z     __import__(name)
2026-09-30T19:26:44.9648812Z   File "/home/runner/work/AccessDoc/AccessDoc/tests/test_remediation_adapter_parity.py", line 13, in <module>
2026-09-30T19:26:44.9649265Z     from app.main import Handler as SelfHostedHandler, Server
2026-09-30T19:26:44.9649771Z   File "/home/runner/work/AccessDoc/AccessDoc/app/main.py", line 20, in <module>
2026-09-30T19:26:44.9650116Z     from . import remediate as remediation
2026-09-30T19:26:44.9650561Z   File "/home/runner/work/AccessDoc/AccessDoc/app/remediate.py", line 10, in <module>
2026-09-30T19:26:44.9651008Z     from .gateway import ModelGateway, GatewayError, CANONICAL_CHAIN, normalize_model
2026-09-30T19:26:44.9651462Z   File "/home/runner/work/AccessDoc/AccessDoc/app/gateway.py", line 25, in <module>
2026-09-30T19:26:44.9651853Z     from .gateway_transport import PooledSession, CancelledAttempt
2026-09-30T19:26:44.9652284Z   File "/home/runner/work/AccessDoc/AccessDoc/app/gateway_transport.py", line 16, in <module>
2026-09-30T19:26:44.9652648Z     import aiohttp
2026-09-30T19:26:44.9652853Z ModuleNotFoundError: No module named 'aiohttp'
2026-09-30T19:26:44.9653025Z 
2026-09-30T19:26:44.9653028Z 
2026-09-30T19:26:44.9653121Z ======================================================================
2026-09-30T19:26:44.9653506Z ERROR: test_serverless_remediate (unittest.loader._FailedTest.test_serverless_remediate)
2026-09-30T19:26:44.9653889Z ----------------------------------------------------------------------
2026-09-30T19:26:44.9654338Z ImportError: Failed to import test module: test_serverless_remediate
2026-09-30T19:26:44.9654645Z Traceback (most recent call last):
2026-09-30T19:26:44.9655067Z   File "/opt/hostedtoolcache/Python/3.12.14/x64/lib/python3.12/unittest/loader.py", line 396, in _find_test_path
2026-09-30T19:26:44.9655487Z     module = self._get_module_from_name(name)
2026-09-30T19:26:44.9655720Z              ^^^^^^^^^^^^^^^^^^^^^^^^^^^^^^^^
2026-09-30T19:26:44.9656141Z   File "/opt/hostedtoolcache/Python/3.12.14/x64/lib/python3.12/unittest/loader.py", line 339, in _get_module_from_name
2026-09-30T19:26:44.9656548Z     __import__(name)
2026-09-30T19:26:44.9656909Z   File "/home/runner/work/AccessDoc/AccessDoc/tests/test_serverless_remediate.py", line 12, in <module>
2026-09-30T19:26:44.9657307Z     from app import remediate as remediation
2026-09-30T19:26:44.9657666Z   File "/home/runner/work/AccessDoc/AccessDoc/app/remediate.py", line 10, in <module>
2026-09-30T19:26:44.9658106Z     from .gateway import ModelGateway, GatewayError, CANONICAL_CHAIN, normalize_model
2026-09-30T19:26:44.9658543Z   File "/home/runner/work/AccessDoc/AccessDoc/app/gateway.py", line 25, in <module>
2026-09-30T19:26:44.9658927Z     from .gateway_transport import PooledSession, CancelledAttempt
2026-09-30T19:26:44.9659348Z   File "/home/runner/work/AccessDoc/AccessDoc/app/gateway_transport.py", line 16, in <module>
2026-09-30T19:26:44.9659691Z     import aiohttp
2026-09-30T19:26:44.9659896Z ModuleNotFoundError: No module named 'aiohttp'
2026-09-30T19:26:44.9660057Z 
2026-09-30T19:26:44.9660061Z 
2026-09-30T19:26:44.9660155Z ======================================================================
2026-09-30T19:26:44.9660725Z ERROR: test_generate_downloads_and_quota_recovery_over_real_http (test_storage_contract.StorageContractTests.test_generate_downloads_and_quota_recovery_over_real_http)
2026-09-30T19:26:44.9661338Z ----------------------------------------------------------------------
2026-09-30T19:26:44.9661613Z Traceback (most recent call last):
2026-09-30T19:26:44.9662122Z   File "/home/runner/work/AccessDoc/AccessDoc/tests/test_storage_contract.py", line 59, in test_generate_downloads_and_quota_recovery_over_real_http
2026-09-30T19:26:44.9662632Z     import app.main as main
2026-09-30T19:26:44.9662955Z   File "/home/runner/work/AccessDoc/AccessDoc/app/main.py", line 20, in <module>
2026-09-30T19:26:44.9663298Z     from . import remediate as remediation
2026-09-30T19:26:44.9663644Z   File "/home/runner/work/AccessDoc/AccessDoc/app/remediate.py", line 10, in <module>
2026-09-30T19:26:44.9664164Z     from .gateway import ModelGateway, GatewayError, CANONICAL_CHAIN, normalize_model
2026-09-30T19:26:44.9664619Z   File "/home/runner/work/AccessDoc/AccessDoc/app/gateway.py", line 25, in <module>
2026-09-30T19:26:44.9665009Z     from .gateway_transport import PooledSession, CancelledAttempt
2026-09-30T19:26:44.9665576Z   File "/home/runner/work/AccessDoc/AccessDoc/app/gateway_transport.py", line 16, in <module>
2026-09-30T19:26:44.9666020Z     import aiohttp
2026-09-30T19:26:44.9666230Z ModuleNotFoundError: No module named 'aiohttp'
2026-09-30T19:26:44.9666402Z 
2026-09-30T19:26:44.9666493Z ======================================================================
2026-09-30T19:26:44.9666824Z ERROR: test_summary_headers (unittest.loader._FailedTest.test_summary_headers)
2026-09-30T19:26:44.9667171Z ----------------------------------------------------------------------
2026-09-30T19:26:44.9667487Z ImportError: Failed to import test module: test_summary_headers
2026-09-30T19:26:44.9667776Z Traceback (most recent call last):
2026-09-30T19:26:44.9668189Z   File "/opt/hostedtoolcache/Python/3.12.14/x64/lib/python3.12/unittest/loader.py", line 396, in _find_test_path
2026-09-30T19:26:44.9668603Z     module = self._get_module_from_name(name)
2026-09-30T19:26:44.9668837Z              ^^^^^^^^^^^^^^^^^^^^^^^^^^^^^^^^
2026-09-30T19:26:44.9669256Z   File "/opt/hostedtoolcache/Python/3.12.14/x64/lib/python3.12/unittest/loader.py", line 339, in _get_module_from_name
2026-09-30T19:26:44.9669657Z     __import__(name)
2026-09-30T19:26:44.9669997Z   File "/home/runner/work/AccessDoc/AccessDoc/tests/test_summary_headers.py", line 9, in <module>
2026-09-30T19:26:44.9670393Z     from app.main import Server, Handler
2026-09-30T19:26:44.9670721Z   File "/home/runner/work/AccessDoc/AccessDoc/app/main.py", line 20, in <module>
2026-09-30T19:26:44.9671046Z     from . import remediate as remediation
2026-09-30T19:26:44.9671397Z   File "/home/runner/work/AccessDoc/AccessDoc/app/remediate.py", line 10, in <module>
2026-09-30T19:26:44.9671836Z     from .gateway import ModelGateway, GatewayError, CANONICAL_CHAIN, normalize_model
2026-09-30T19:26:44.9672274Z   File "/home/runner/work/AccessDoc/AccessDoc/app/gateway.py", line 25, in <module>
2026-09-30T19:26:44.9672670Z     from .gateway_transport import PooledSession, CancelledAttempt
2026-09-30T19:26:44.9673101Z   File "/home/runner/work/AccessDoc/AccessDoc/app/gateway_transport.py", line 16, in <module>
2026-09-30T19:26:44.9673456Z     import aiohttp
2026-09-30T19:26:44.9673662Z ModuleNotFoundError: No module named 'aiohttp'
2026-09-30T19:26:44.9673827Z 
2026-09-30T19:26:44.9673830Z 
2026-09-30T19:26:44.9673928Z ======================================================================
2026-09-30T19:26:44.9674514Z FAIL: test_runs_without_output_argument (test_disconnect_chaos_cli_guard.DisconnectChaosCliGuard.test_runs_without_output_argument)
2026-09-30T19:26:44.9675025Z ----------------------------------------------------------------------
2026-09-30T19:26:44.9675300Z Traceback (most recent call last):
2026-09-30T19:26:44.9675778Z   File "/home/runner/work/AccessDoc/AccessDoc/tests/test_disconnect_chaos_cli_guard.py", line 20, in test_runs_without_output_argument
2026-09-30T19:26:44.9676253Z     self.assertEqual(proc.returncode, 0,
2026-09-30T19:26:44.9676513Z AssertionError: 1 != 0 : stderr:
2026-09-30T19:26:44.9676735Z Traceback (most recent call last):
2026-09-30T19:26:44.9677118Z   File "/home/runner/work/AccessDoc/AccessDoc/scripts/disconnect_chaos.py", line 19, in <module>
2026-09-30T19:26:44.9677508Z     from app.main import Handler, Server
2026-09-30T19:26:44.9677836Z   File "/home/runner/work/AccessDoc/AccessDoc/app/main.py", line 20, in <module>
2026-09-30T19:26:44.9678166Z     from . import remediate as remediation
2026-09-30T19:26:44.9678510Z   File "/home/runner/work/AccessDoc/AccessDoc/app/remediate.py", line 10, in <module>
2026-09-30T19:26:44.9678953Z     from .gateway import ModelGateway, GatewayError, CANONICAL_CHAIN, normalize_model
2026-09-30T19:26:44.9679398Z   File "/home/runner/work/AccessDoc/AccessDoc/app/gateway.py", line 25, in <module>
2026-09-30T19:26:44.9679785Z     from .gateway_transport import PooledSession, CancelledAttempt
2026-09-30T19:26:44.9680208Z   File "/home/runner/work/AccessDoc/AccessDoc/app/gateway_transport.py", line 16, in <module>
2026-09-30T19:26:44.9680678Z     import aiohttp
2026-09-30T19:26:44.9680878Z ModuleNotFoundError: No module named 'aiohttp'
2026-09-30T19:26:44.9681045Z 
2026-09-30T19:26:44.9681218Z stdout tail (gate verdict):
2026-09-30T19:26:44.9681341Z 
2026-09-30T19:26:44.9681344Z 
2026-09-30T19:26:44.9681442Z ======================================================================
2026-09-30T19:26:44.9681908Z FAIL: test_default_backlog_survives_100x_burst (test_listen_backlog.ListenBacklogTests.test_default_backlog_survives_100x_burst)
2026-09-30T19:26:44.9682401Z ----------------------------------------------------------------------
2026-09-30T19:26:44.9682677Z Traceback (most recent call last):
2026-09-30T19:26:44.9683135Z   File "/home/runner/work/AccessDoc/AccessDoc/tests/test_listen_backlog.py", line 29, in test_default_backlog_survives_100x_burst
2026-09-30T19:26:44.9683595Z     self.assertEqual(self._backlog(None), 512)
2026-09-30T19:26:44.9683829Z                      ^^^^^^^^^^^^^^^^^^^
2026-09-30T19:26:44.9684395Z   File "/home/runner/work/AccessDoc/AccessDoc/tests/test_listen_backlog.py", line 25, in _backlog
2026-09-30T19:26:44.9684827Z     self.assertEqual(out.returncode, 0, out.stderr)
2026-09-30T19:26:44.9685138Z AssertionError: 1 != 0 : Traceback (most recent call last):
2026-09-30T19:26:44.9685438Z   File "<string>", line 1, in <module>
2026-09-30T19:26:44.9685771Z   File "/home/runner/work/AccessDoc/AccessDoc/app/main.py", line 20, in <module>
2026-09-30T19:26:44.9686102Z     from . import remediate as remediation
2026-09-30T19:26:44.9686456Z   File "/home/runner/work/AccessDoc/AccessDoc/app/remediate.py", line 10, in <module>
2026-09-30T19:26:44.9686897Z     from .gateway import ModelGateway, GatewayError, CANONICAL_CHAIN, normalize_model
2026-09-30T19:26:44.9687335Z   File "/home/runner/work/AccessDoc/AccessDoc/app/gateway.py", line 25, in <module>
2026-09-30T19:26:44.9687733Z     from .gateway_transport import PooledSession, CancelledAttempt
2026-09-30T19:26:44.9688156Z   File "/home/runner/work/AccessDoc/AccessDoc/app/gateway_transport.py", line 16, in <module>
2026-09-30T19:26:44.9688514Z     import aiohttp
2026-09-30T19:26:44.9688729Z ModuleNotFoundError: No module named 'aiohttp'
2026-09-30T19:26:44.9688893Z 
2026-09-30T19:26:44.9688896Z 
2026-09-30T19:26:44.9688993Z ======================================================================
2026-09-30T19:26:44.9689402Z FAIL: test_env_override_is_honoured (test_listen_backlog.ListenBacklogTests.test_env_override_is_honoured)
2026-09-30T19:26:44.9689830Z ----------------------------------------------------------------------
2026-09-30T19:26:44.9690101Z Traceback (most recent call last):
2026-09-30T19:26:44.9690533Z   File "/home/runner/work/AccessDoc/AccessDoc/tests/test_listen_backlog.py", line 32, in test_env_override_is_honoured
2026-09-30T19:26:44.9690977Z     self.assertEqual(self._backlog("1024"), 1024)
2026-09-30T19:26:44.9691222Z                      ^^^^^^^^^^^^^^^^^^^^^
2026-09-30T19:26:44.9691587Z   File "/home/runner/work/AccessDoc/AccessDoc/tests/test_listen_backlog.py", line 25, in _backlog
2026-09-30T19:26:44.9691984Z     self.assertEqual(out.returncode, 0, out.stderr)
2026-09-30T19:26:44.9692284Z AssertionError: 1 != 0 : Traceback (most recent call last):
2026-09-30T19:26:44.9692572Z   File "<string>", line 1, in <module>
2026-09-30T19:26:44.9692895Z   File "/home/runner/work/AccessDoc/AccessDoc/app/main.py", line 20, in <module>
2026-09-30T19:26:44.9693226Z     from . import remediate as remediation
2026-09-30T19:26:44.9693570Z   File "/home/runner/work/AccessDoc/AccessDoc/app/remediate.py", line 10, in <module>
2026-09-30T19:26:44.9694001Z     from .gateway import ModelGateway, GatewayError, CANONICAL_CHAIN, normalize_model
2026-09-30T19:26:44.9694575Z   File "/home/runner/work/AccessDoc/AccessDoc/app/gateway.py", line 25, in <module>
2026-09-30T19:26:44.9694976Z     from .gateway_transport import PooledSession, CancelledAttempt
2026-09-30T19:26:44.9695411Z   File "/home/runner/work/AccessDoc/AccessDoc/app/gateway_transport.py", line 16, in <module>
2026-09-30T19:26:44.9695881Z     import aiohttp
2026-09-30T19:26:44.9696092Z ModuleNotFoundError: No module named 'aiohttp'
2026-09-30T19:26:44.9696254Z 
2026-09-30T19:26:44.9696351Z 
2026-09-30T19:26:44.9696447Z ======================================================================
2026-09-30T19:26:44.9696925Z FAIL: test_floor_prevents_regression_below_128 (test_listen_backlog.ListenBacklogTests.test_floor_prevents_regression_below_128)
2026-09-30T19:26:44.9697430Z ----------------------------------------------------------------------
2026-09-30T19:26:44.9697702Z Traceback (most recent call last):
2026-09-30T19:26:44.9698167Z   File "/home/runner/work/AccessDoc/AccessDoc/tests/test_listen_backlog.py", line 37, in test_floor_prevents_regression_below_128
2026-09-30T19:26:44.9698645Z     self.assertEqual(self._backlog("16"), 128)
2026-09-30T19:26:44.9698872Z                      ^^^^^^^^^^^^^^^^^^^
2026-09-30T19:26:44.9699237Z   File "/home/runner/work/AccessDoc/AccessDoc/tests/test_listen_backlog.py", line 25, in _backlog
2026-09-30T19:26:44.9699633Z     self.assertEqual(out.returncode, 0, out.stderr)
2026-09-30T19:26:44.9699936Z AssertionError: 1 != 0 : Traceback (most recent call last):
2026-09-30T19:26:44.9700218Z   File "<string>", line 1, in <module>
2026-09-30T19:26:44.9700546Z   File "/home/runner/work/AccessDoc/AccessDoc/app/main.py", line 20, in <module>
2026-09-30T19:26:44.9700879Z     from . import remediate as remediation
2026-09-30T19:26:44.9701216Z   File "/home/runner/work/AccessDoc/AccessDoc/app/remediate.py", line 10, in <module>
2026-09-30T19:26:44.9701650Z     from .gateway import ModelGateway, GatewayError, CANONICAL_CHAIN, normalize_model
2026-09-30T19:26:44.9702094Z   File "/home/runner/work/AccessDoc/AccessDoc/app/gateway.py", line 25, in <module>
2026-09-30T19:26:44.9702484Z     from .gateway_transport import PooledSession, CancelledAttempt
2026-09-30T19:26:44.9702910Z   File "/home/runner/work/AccessDoc/AccessDoc/app/gateway_transport.py", line 16, in <module>
2026-09-30T19:26:44.9703275Z     import aiohttp
2026-09-30T19:26:44.9703479Z ModuleNotFoundError: No module named 'aiohttp'
2026-09-30T19:26:44.9703641Z 
2026-09-30T19:26:44.9703652Z 
2026-09-30T19:26:44.9703748Z ======================================================================
2026-09-30T19:26:44.9704403Z FAIL: test_app_imports_and_probes_without_resource_or_proc (test_portability_guard.NonPosixImportTests.test_app_imports_and_probes_without_resource_or_proc)
2026-09-30T19:26:44.9704991Z ----------------------------------------------------------------------
2026-09-30T19:26:44.9705265Z Traceback (most recent call last):
2026-09-30T19:26:44.9705781Z   File "/home/runner/work/AccessDoc/AccessDoc/tests/test_portability_guard.py", line 40, in test_app_imports_and_probes_without_resource_or_proc
2026-09-30T19:26:44.9706350Z     self.assertEqual(proc.returncode, 0, proc.stderr[-2000:])
2026-09-30T19:26:44.9706673Z AssertionError: 1 != 0 : Traceback (most recent call last):
2026-09-30T19:26:44.9706960Z   File "<string>", line 10, in <module>
2026-09-30T19:26:44.9707297Z   File "/home/runner/work/AccessDoc/AccessDoc/app/main.py", line 20, in <module>
2026-09-30T19:26:44.9707656Z     from . import remediate as remediation
2026-09-30T19:26:44.9708003Z   File "/home/runner/work/AccessDoc/AccessDoc/app/remediate.py", line 10, in <module>
2026-09-30T19:26:44.9708445Z     from .gateway import ModelGateway, GatewayError, CANONICAL_CHAIN, normalize_model
2026-09-30T19:26:44.9708879Z   File "/home/runner/work/AccessDoc/AccessDoc/app/gateway.py", line 25, in <module>
2026-09-30T19:26:44.9709266Z     from .gateway_transport import PooledSession, CancelledAttempt
2026-09-30T19:26:44.9709706Z   File "/home/runner/work/AccessDoc/AccessDoc/app/gateway_transport.py", line 16, in <module>
2026-09-30T19:26:44.9710056Z     import aiohttp
2026-09-30T19:26:44.9710253Z ModuleNotFoundError: No module named 'aiohttp'
2026-09-30T19:26:44.9710428Z 
2026-09-30T19:26:44.9710431Z 
2026-09-30T19:26:44.9710531Z ======================================================================
2026-09-30T19:26:44.9711327Z FAIL: test_required_storage_import_failure_is_startup_failure (test_storage_contract.StorageContractTests.test_required_storage_import_failure_is_startup_failure)
2026-09-30T19:26:44.9711921Z ----------------------------------------------------------------------
2026-09-30T19:26:44.9712196Z Traceback (most recent call last):
2026-09-30T19:26:44.9712721Z   File "/home/runner/work/AccessDoc/AccessDoc/tests/test_storage_contract.py", line 39, in test_required_storage_import_failure_is_startup_failure
2026-09-30T19:26:44.9713296Z     self.assertEqual(result.returncode, 0, result.stderr + result.stdout)
2026-09-30T19:26:44.9713788Z AssertionError: 1 != 0 : Traceback (most recent call last):
2026-09-30T19:26:44.9714173Z   File "<string>", line 11, in <module>
2026-09-30T19:26:44.9714410Z   File "<string>", line 8, in fail
2026-09-30T19:26:44.9714726Z   File "/home/runner/work/AccessDoc/AccessDoc/app/main.py", line 20, in <module>
2026-09-30T19:26:44.9715080Z     from . import remediate as remediation
2026-09-30T19:26:44.9715323Z   File "<string>", line 8, in fail
2026-09-30T19:26:44.9715659Z   File "/home/runner/work/AccessDoc/AccessDoc/app/remediate.py", line 10, in <module>
2026-09-30T19:26:44.9716118Z     from .gateway import ModelGateway, GatewayError, CANONICAL_CHAIN, normalize_model
2026-09-30T19:26:44.9716462Z   File "<string>", line 8, in fail
2026-09-30T19:26:44.9716790Z   File "/home/runner/work/AccessDoc/AccessDoc/app/gateway.py", line 25, in <module>
2026-09-30T19:26:44.9717182Z     from .gateway_transport import PooledSession, CancelledAttempt
2026-09-30T19:26:44.9717480Z   File "<string>", line 8, in fail
2026-09-30T19:26:44.9717831Z   File "/home/runner/work/AccessDoc/AccessDoc/app/gateway_transport.py", line 16, in <module>
2026-09-30T19:26:44.9718192Z     import aiohttp
2026-09-30T19:26:44.9718389Z   File "<string>", line 8, in fail
2026-09-30T19:26:44.9718621Z ModuleNotFoundError: No module named 'aiohttp'
2026-09-30T19:26:44.9718796Z 
2026-09-30T19:26:44.9718943Z During handling of the above exception, another exception occurred:
2026-09-30T19:26:44.9719163Z 
2026-09-30T19:26:44.9719249Z Traceback (most recent call last):
2026-09-30T19:26:44.9719479Z   File "<string>", line 13, in <module>
2026-09-30T19:26:44.9719692Z AssertionError
2026-09-30T19:26:44.9719803Z 
2026-09-30T19:26:44.9719806Z 
2026-09-30T19:26:44.9719929Z ----------------------------------------------------------------------
2026-09-30T19:26:44.9720201Z Ran 734 tests in 32.844s
2026-09-30T19:26:44.9720328Z 
2026-09-30T19:26:44.9720415Z FAILED (failures=6, errors=47, skipped=3)
2026-09-30T19:26:44.9720663Z   10k violations: 4.66s, 1,319,235 bytes
2026-09-30T19:26:44.9720911Z   PERF: 1000 violations -> 0.18s, 143,857 bytes
2026-09-30T19:26:44.9721161Z   PERF: standard fixture -> 5,981 bytes
2026-09-30T19:26:44.9942345Z ##[error]Process completed with exit code 1.
2026-09-30T19:26:45.0033480Z ##[group]Run actions/upload-artifact@ea165f8d65b6e75b540449e92b4886f43607fa02
2026-09-30T19:26:45.0033856Z with:
2026-09-30T19:26:45.0034185Z   name: accessdoc-ci-bundle
2026-09-30T19:26:45.0034395Z   path: /tmp/a.zip
2026-09-30T19:26:45.0034590Z   retention-days: 14
2026-09-30T19:26:45.0034783Z   if-no-files-found: warn
2026-09-30T19:26:45.0034988Z   compression-level: 6
2026-09-30T19:26:45.0035206Z   overwrite: false
2026-09-30T19:26:45.0035385Z   include-hidden-files: false
2026-09-30T19:26:45.0035582Z env:
2026-09-30T19:26:45.0035799Z   pythonLocation: /opt/hostedtoolcache/Python/3.12.14/x64
2026-09-30T19:26:45.0036160Z   PKG_CONFIG_PATH: /opt/hostedtoolcache/Python/3.12.14/x64/lib/pkgconfig
2026-09-30T19:26:45.0036499Z   Python_ROOT_DIR: /opt/hostedtoolcache/Python/3.12.14/x64
2026-09-30T19:26:45.0036806Z   Python2_ROOT_DIR: /opt/hostedtoolcache/Python/3.12.14/x64
2026-09-30T19:26:45.0037108Z   Python3_ROOT_DIR: /opt/hostedtoolcache/Python/3.12.14/x64
2026-09-30T19:26:45.0037462Z   LD_LIBRARY_PATH: /opt/hostedtoolcache/Python/3.12.14/x64/lib
2026-09-30T19:26:45.0037866Z   ACCESSDOC_AXE_PATH: /home/runner/work/AccessDoc/AccessDoc/node_modules/axe-core/axe.min.js
2026-09-30T19:26:45.0038382Z ##[endgroup]
2026-09-30T19:26:45.1461051Z (node:3637) [DEP0040] DeprecationWarning: The `punycode` module is deprecated. Please use a userland alternative instead.
2026-09-30T19:26:45.1462147Z (Use `node --trace-deprecation ...` to show where the warning was created)
2026-09-30T19:26:45.1485468Z ##[warning]No files were found with the provided path: /tmp/a.zip. No artifacts will be uploaded.
2026-09-30T19:26:45.1703271Z Post job cleanup.
2026-09-30T19:26:45.2421784Z [command]/usr/bin/git version
2026-09-30T19:26:45.2460113Z git version 2.55.0
2026-09-30T19:26:45.2488298Z Temporarily overriding HOME='/home/runner/work/_temp/946d9ed5-f567-46ec-9643-1efe80df4468' before making global git config changes
2026-09-30T19:26:45.2489424Z Adding repository directory to the temporary git global config as a safe directory
2026-09-30T19:26:45.2492669Z [command]/usr/bin/git config --global --add safe.directory /home/runner/work/AccessDoc/AccessDoc
2026-09-30T19:26:45.2525510Z Removing SSH command configuration
2026-09-30T19:26:45.2531073Z [command]/usr/bin/git config --local --name-only --get-regexp core\.sshCommand
2026-09-30T19:26:45.2561731Z [command]/usr/bin/git submodule foreach --recursive sh -c "git config --local --name-only --get-regexp 'core\.sshCommand' && git config --local --unset-all 'core.sshCommand' || :"
2026-09-30T19:26:45.2773443Z Removing HTTP extra header
2026-09-30T19:26:45.2779336Z [command]/usr/bin/git config --local --name-only --get-regexp http\.https\:\/\/github\.com\/\.extraheader
2026-09-30T19:26:45.2810279Z [command]/usr/bin/git submodule foreach --recursive sh -c "git config --local --name-only --get-regexp 'http\.https\:\/\/github\.com\/\.extraheader' && git config --local --unset-all 'http.https://github.com/.extraheader' || :"
2026-09-30T19:26:45.3030098Z Removing includeIf entries pointing to credentials config files
2026-09-30T19:26:45.3036810Z [command]/usr/bin/git config --local --name-only --get-regexp ^includeIf\.gitdir:
2026-09-30T19:26:45.3065708Z includeif.gitdir:/home/runner/work/AccessDoc/AccessDoc/.git.path
2026-09-30T19:26:45.3066507Z includeif.gitdir:/home/runner/work/AccessDoc/AccessDoc/.git/worktrees/*.path
2026-09-30T19:26:45.3067235Z includeif.gitdir:/github/workspace/.git.path
2026-09-30T19:26:45.3067838Z includeif.gitdir:/github/workspace/.git/worktrees/*.path
2026-09-30T19:26:45.3073610Z [command]/usr/bin/git config --local --get-all includeif.gitdir:/home/runner/work/AccessDoc/AccessDoc/.git.path
2026-09-30T19:26:45.3097326Z /home/runner/work/_temp/git-credentials-1504430e-6c91-4f96-89dc-47292a8d6a53.config
2026-09-30T19:26:45.3114939Z [command]/usr/bin/git config --local --unset includeif.gitdir:/home/runner/work/AccessDoc/AccessDoc/.git.path \/home\/runner\/work\/_temp\/git\-credentials\-1504430e\-6c91\-4f96\-89dc\-47292a8d6a53\.config
2026-09-30T19:26:45.3157893Z [command]/usr/bin/git config --local --get-all includeif.gitdir:/home/runner/work/AccessDoc/AccessDoc/.git/worktrees/*.path
2026-09-30T19:26:45.3182000Z /home/runner/work/_temp/git-credentials-1504430e-6c91-4f96-89dc-47292a8d6a53.config
2026-09-30T19:26:45.3190064Z [command]/usr/bin/git config --local --unset includeif.gitdir:/home/runner/work/AccessDoc/AccessDoc/.git/worktrees/*.path \/home\/runner\/work\/_temp\/git\-credentials\-1504430e\-6c91\-4f96\-89dc\-47292a8d6a53\.config
2026-09-30T19:26:45.3223038Z [command]/usr/bin/git config --local --get-all includeif.gitdir:/github/workspace/.git.path
2026-09-30T19:26:45.3246869Z /github/runner_temp/git-credentials-1504430e-6c91-4f96-89dc-47292a8d6a53.config
2026-09-30T19:26:45.3252842Z [command]/usr/bin/git config --local --unset includeif.gitdir:/github/workspace/.git.path \/github\/runner_temp\/git\-credentials\-1504430e\-6c91\-4f96\-89dc\-47292a8d6a53\.config
2026-09-30T19:26:45.3285738Z [command]/usr/bin/git config --local --get-all includeif.gitdir:/github/workspace/.git/worktrees/*.path
2026-09-30T19:26:45.3308326Z /github/runner_temp/git-credentials-1504430e-6c91-4f96-89dc-47292a8d6a53.config
2026-09-30T19:26:45.3314144Z [command]/usr/bin/git config --local --unset includeif.gitdir:/github/workspace/.git/worktrees/*.path \/github\/runner_temp\/git\-credentials\-1504430e\-6c91\-4f96\-89dc\-47292a8d6a53\.config
2026-09-30T19:26:45.3348051Z [command]/usr/bin/git submodule foreach --recursive git config --local --show-origin --name-only --get-regexp remote.origin.url
2026-09-30T19:26:45.3547505Z Removing credentials config '/home/runner/work/_temp/git-credentials-1504430e-6c91-4f96-89dc-47292a8d6a53.config'
2026-09-30T19:26:45.3951650Z Cleaning up orphan processes
2026-09-30T19:26:45.4242173Z ##[warning]Node.js 20 is deprecated. The following actions target Node.js 20 but are being forced to run on Node.js 24: actions/upload-artifact@ea165f8d65b6e75b540449e92b4886f43607fa02. For more information see: https://github.blog/changelog/2025-09-19-deprecation-of-node-20-on-github-actions-runners/
